Workbook

Sheet 안내
A1: 재실행 결과 3인 판정 시트 (v1.1, 2026-09-27)
A3: 규칙 (ANALYSIS_PLAN 1절, 2026-09-02 고정): 생존 = 효과 방향 동일, 원 논문이 검정을 보고했으면 유의성 유지, 효과크기의 부호와 크기급 유지. 부분 생존 = 방향은 같으나 유의성 또는 크기급이 달라짐. 사망 = 방향이 뒤집히거나 핵심 주장이 성립하지 않음. 판정 불능 = 근거가 모자라 판단할 수 없음.
A4: 결론 수준 = 그 값이 뒷받침하던 논문의 문장이 지금도 성립하는가 (핵심 주장 성립 / 부분 성립 / 불성립 / 판단 불가).
A6: 채우는 칸은 노란색뿐입니다: 판정, 결론 수준, 메모. 다른 판정자와 상의하지 않고 채웁니다. 판정이 어려우면 메모에 이유를 적고 '판정 불능'을 고릅니다. 다수결과 일치 열은 수식이라 손대지 않습니다.
A7: 회색 열은 근거입니다. 원 논문 값, 재실행 값과 95% 구간, 문항 수, 파싱 실패 수, 비용 상한 부분집합 여부, 자동 가안. 자동 가안은 참고용이며 판정을 대신하지 않습니다. 자동 가안과 다르게 판정해도 됩니다. 그것이 이 작업의 목적입니다.
A8: 판단 기준은 값과 구간입니다. 원 논문 값이 재실행의 95% 구간 안이거나 차이가 2점 이내면 대체로 생존, 5점 이내면 부분 생존, 그 밖이면 사망으로 읽되, 지표의 성격(비율, 상관, 점수)과 논문이 그 값으로 무엇을 주장했는지를 함께 봅니다.
A10: TierA_claims: 저장소 기반 재실행 논문의 주장 95건. 근거 파일 열의 run_meta.json에 실행 조건과 관찰된 마찰이 있습니다. '사람 확인 항목'이 '예'인 논문은 harness/cards/HUMAN_CHECKS.md의 결정이 먼저 필요합니다.
A11: PromptLevel_blind: 프롬프트 수준 결과 343행(86편). 같은 논문의 행들은 사망 전 고정 모델 실행과 후속 모델 실행이 섞여 있고, 어느 것이 어느 조건인지는 조건 부호(A~E)로 가려져 있습니다. 조건을 추측하지 말고 행마다 값만 보고 판정합니다.
A12: 열쇠는 coding/judgment_key_v1.csv에 있으며 판정이 끝나기 전에는 열지 않습니다 (계획의 조건 가림 코딩).
A14: 예시 행 (형식만 보이기 위한 가상의 값입니다. 데이터 시트에는 들어 있지 않습니다):
A15: 번호 | B15: 논문 | C15: 원 논문 값 | D15: 재실행 값 | E15: 95% 구간 | F15: 판정 A | G15: 결론 수준 A | H15: 메모 A
A16: 0 | B16: (예시) 어떤 벤치마크 논문 | C16: 62 | D16: 60.5 | E16: [57.9, 63.1] | F16: 생존 | G16: 핵심 주장 성립 | H16: 구간 안, 방향 동일

Sheet TierA_claims
A1: 번호 | B1: 카드 | C1: 논문 | D1: 주장(지표) | E1: 원 논문 값 | F1: 재실행 값 | G1: 95% 구간 하한 | H1: 95% 구간 상한 | I1: 규칙(척도) | J1: 자동 판정(논문 단위 가안) | K1: 메모(자동) | L1: 근거 파일 | M1: 사람 확인 항목 | N1: 판정 A | O1: 판정 B | P1: 판정 C | Q1: 결론 수준 A | R1: 결론 수준 B | S1: 결론 수준 C | T1: 메모 A | U1: 메모 B | V1: 메모 C | W1: 다수결 | X1: 일치
A2: 1 | B2: T1 | C2: Benchmarking Large Language Models for Bio-Image Analysis Code Generation | D2: Bio-image code generation: pass@1 | E2: 0.47368421 | F2: 0.48070175 | G2: 0.374 | H2: 0.581 | I2: x100 | J2: 생존 (survived): point estimate inside original CI, pass@10 identical (42/57 tasks solved at least once in both); dated snapshot shows no detectable drift 17 months after the original run | L2: runs/T1/run_meta.json | W2: =IF(COUNTA(N2:P2)<3,"",IF(AND(N2=O2,O2=P2),N2,IF(N2=O2,N2,IF(N2=P2,N2,IF(O2=P2,O2,"판정 불능"))))) | X2: =IF(COUNTA(N2:P2)<3,"",IF(AND(N2=O2,O2=P2),"3/3",IF(OR(N2=O2,N2=P2,O2=P2),"2/3","0/3")))
A3: 2 | B3: W7171749161 | C3: Tag Questions and the Generational Reversal of Sycophancy Across 45 Language Models | D3: Tag Questions: tag effect on agreement | E3: -0.075 | F3: -0.10208333 | G3: -0.16458333 | H3: -0.052083333 | I3: x100 | J3: 생존 (survived) | K3: 90% interval as in the paper | L3: runs/W7171749161/run_meta.json | W3: =IF(COUNTA(N3:P3)<3,"",IF(AND(N3=O3,O3=P3),N3,IF(N3=O3,N3,IF(N3=P3,N3,IF(O3=P3,O3,"판정 불능"))))) | X3: =IF(COUNTA(N3:P3)<3,"",IF(AND(N3=O3,O3=P3),"3/3",IF(OR(N3=O3,N3=P3,O3=P3),"2/3","0/3")))
A4: 3 | B4: W7140135941 | C4: Knowing When to Abstain: Medical LLMs Under Clinical Uncertainty | D4: MedAbstain: accuracy, no abstain option | E4: 0.5404 | F4: 0.5418 | G4: 0.502 | H4: 0.58 | I4: x100 | J4: 부분 생존 (partial) | L4: runs/W7140135941/run_meta.json | W4: =IF(COUNTA(N4:P4)<3,"",IF(AND(N4=O4,O4=P4),N4,IF(N4=O4,N4,IF(N4=P4,N4,IF(O4=P4,O4,"판정 불능"))))) | X4: =IF(COUNTA(N4:P4)<3,"",IF(AND(N4=O4,O4=P4),"3/3",IF(OR(N4=O4,N4=P4,O4=P4),"2/3","0/3")))
A5: 4 | B5: W7140135941 | C5: Knowing When to Abstain: Medical LLMs Under Clinical Uncertainty | D5: MedAbstain: accuracy, abstain option | E5: 0.4099 | F5: 0.4113 | G5: 0.376 | H5: 0.445 | I5: x100 | J5: 부분 생존 (partial) | L5: runs/W7140135941/run_meta.json | W5: =IF(COUNTA(N5:P5)<3,"",IF(AND(N5=O5,O5=P5),N5,IF(N5=O5,N5,IF(N5=P5,N5,IF(O5=P5,O5,"판정 불능"))))) | X5: =IF(COUNTA(N5:P5)<3,"",IF(AND(N5=O5,O5=P5),"3/3",IF(OR(N5=O5,N5=P5,O5=P5),"2/3","0/3")))
A6: 5 | B6: W7140135941 | C6: Knowing When to Abstain: Medical LLMs Under Clinical Uncertainty | D6: MedAbstain: accuracy, distractor + abstain | E6: 0.3688 | F6: 0.3603 | G6: 0.325 | H6: 0.396 | I6: x100 | J6: 부분 생존 (partial) | L6: runs/W7140135941/run_meta.json | W6: =IF(COUNTA(N6:P6)<3,"",IF(AND(N6=O6,O6=P6),N6,IF(N6=O6,N6,IF(N6=P6,N6,IF(O6=P6,O6,"판정 불능"))))) | X6: =IF(COUNTA(N6:P6)<3,"",IF(AND(N6=O6,O6=P6),"3/3",IF(OR(N6=O6,N6=P6,O6=P6),"2/3","0/3")))
A7: 6 | B7: W7140135941 | C7: Knowing When to Abstain: Medical LLMs Under Clinical Uncertainty | D7: MedAbstain: abstention rate (abstain option) | E7: 0 | F7: 0.025 | I7: x100 | J7: 부분 생존 (partial) | L7: runs/W7140135941/run_meta.json | W7: =IF(COUNTA(N7:P7)<3,"",IF(AND(N7=O7,O7=P7),N7,IF(N7=O7,N7,IF(N7=P7,N7,IF(O7=P7,O7,"판정 불능"))))) | X7: =IF(COUNTA(N7:P7)<3,"",IF(AND(N7=O7,O7=P7),"3/3",IF(OR(N7=O7,N7=P7,O7=P7),"2/3","0/3")))
A8: 7 | B8: W4362598103 | C8: Accuracy and Political Bias of News Source Credibility Ratings by Large Language Models | D8: News credibility: Spearman rho x100 vs expert ratings | E8: 0.62418425 | F8: 0.62940061 | G8: 0.60971275 | H8: 0.64825062 | I8: x100 | J8: 부분 생존 (partial) | L8: runs/W4362598103/run_meta.json | W8: =IF(COUNTA(N8:P8)<3,"",IF(AND(N8=O8,O8=P8),N8,IF(N8=O8,N8,IF(N8=P8,N8,IF(O8=P8,O8,"판정 불능"))))) | X8: =IF(COUNTA(N8:P8)<3,"",IF(AND(N8=O8,O8=P8),"3/3",IF(OR(N8=O8,N8=P8,O8=P8),"2/3","0/3")))
A9: 8 | B9: W4362598103 | C9: Accuracy and Political Bias of News Source Credibility Ratings by Large Language Models | D9: News credibility: refusal share | E9: 0.41220258 | F9: 0.35429407 | I9: x100 | J9: 부분 생존 (partial) | L9: runs/W4362598103/run_meta.json | W9: =IF(COUNTA(N9:P9)<3,"",IF(AND(N9=O9,O9=P9),N9,IF(N9=O9,N9,IF(N9=P9,N9,IF(O9=P9,O9,"판정 불능"))))) | X9: =IF(COUNTA(N9:P9)<3,"",IF(AND(N9=O9,O9=P9),"3/3",IF(OR(N9=O9,N9=P9,O9=P9),"2/3","0/3")))
A10: 9 | B10: W7144391134 | C10: In-Context Molecular Property Prediction with LLMs: A Blinding Study on Memorization and K | D10: BlindingLLMs: Pearson r x100, 1000-shot | E10: 75.6 | F10: 76.6 | G10: 69.2 | H10: 82.8 | I10: pts | J10: 생존 (survived) | L10: runs/W7144391134/run_meta.json | W10: =IF(COUNTA(N10:P10)<3,"",IF(AND(N10=O10,O10=P10),N10,IF(N10=O10,N10,IF(N10=P10,N10,IF(O10=P10,O10,"판정 불능"))))) | X10: =IF(COUNTA(N10:P10)<3,"",IF(AND(N10=O10,O10=P10),"3/3",IF(OR(N10=O10,N10=P10,O10=P10),"2/3","0/3")))
A11: 10 | B11: W7144391134 | C11: In-Context Molecular Property Prediction with LLMs: A Blinding Study on Memorization and K | D11: BlindingLLMs: Pearson r x100, 60-shot | E11: 42.9 | F11: 37.6 | G11: 21.7 | H11: 52.2 | I11: pts | J11: 생존 (survived) | L11: runs/W7144391134/run_meta.json | W11: =IF(COUNTA(N11:P11)<3,"",IF(AND(N11=O11,O11=P11),N11,IF(N11=O11,N11,IF(N11=P11,N11,IF(O11=P11,O11,"판정 불능"))))) | X11: =IF(COUNTA(N11:P11)<3,"",IF(AND(N11=O11,O11=P11),"3/3",IF(OR(N11=O11,N11=P11,O11=P11),"2/3","0/3")))
A12: 11 | B12: W7144391134 | C12: In-Context Molecular Property Prediction with LLMs: A Blinding Study on Memorization and K | D12: BlindingLLMs: Pearson r, 0-shot | E12: 0.407 | F12: 0.406 | I12: x100 | J12: 생존 (survived) | L12: runs/W7144391134/run_meta.json | W12: =IF(COUNTA(N12:P12)<3,"",IF(AND(N12=O12,O12=P12),N12,IF(N12=O12,N12,IF(N12=P12,N12,IF(O12=P12,O12,"판정 불능"))))) | X12: =IF(COUNTA(N12:P12)<3,"",IF(AND(N12=O12,O12=P12),"3/3",IF(OR(N12=O12,N12=P12,O12=P12),"2/3","0/3")))
A13: 12 | B13: W4402565126 | C13: Cultural bias and cultural alignment of large language models | D13: Cultural bias: distance reduction (107 countries) | E13: 0.93410473 | F13: 0.93306983 | G13: 0.71092737 | H13: 1.1404791 | I13: other:distance | J13: 생존 (survived) | L13: runs/W4402565126/run_meta.json | W13: =IF(COUNTA(N13:P13)<3,"",IF(AND(N13=O13,O13=P13),N13,IF(N13=O13,N13,IF(N13=P13,N13,IF(O13=P13,O13,"판정 불능"))))) | X13: =IF(COUNTA(N13:P13)<3,"",IF(AND(N13=O13,O13=P13),"3/3",IF(OR(N13=O13,N13=P13,O13=P13),"2/3","0/3")))
A14: 13 | B14: W4402565126 | C14: Cultural bias and cultural alignment of large language models | D14: Cultural bias: share of countries improved | E14: 0.81308411 | F14: 0.78504673 | I14: x100 | J14: 생존 (survived) | L14: runs/W4402565126/run_meta.json | W14: =IF(COUNTA(N14:P14)<3,"",IF(AND(N14=O14,O14=P14),N14,IF(N14=O14,N14,IF(N14=P14,N14,IF(O14=P14,O14,"판정 불능"))))) | X14: =IF(COUNTA(N14:P14)<3,"",IF(AND(N14=O14,O14=P14),"3/3",IF(OR(N14=O14,N14=P14,O14=P14),"2/3","0/3")))
A15: 14 | B15: W4412887943 | C15: MEDEC: A Benchmark for Medical Error Detection and Correction in Clinical Notes | D15: MEDEC: error flag accuracy (vs Table 2 GPT-4o) | E15: 0.6584 | F15: 0.5611 | G15: 0.5215 | H15: 0.5997 | I15: x100 | J15: 부분 생존 (partial) [subset: MS 597/925] | K15: MS subset 597/925; GPT-4o-mini row 0.6086 | L15: runs/W4412887943/run_meta.json | W15: =IF(COUNTA(N15:P15)<3,"",IF(AND(N15=O15,O15=P15),N15,IF(N15=O15,N15,IF(N15=P15,N15,IF(O15=P15,O15,"판정 불능"))))) | X15: =IF(COUNTA(N15:P15)<3,"",IF(AND(N15=O15,O15=P15),"3/3",IF(OR(N15=O15,N15=P15,O15=P15),"2/3","0/3")))
A16: 15 | B16: W4412887943 | C16: MEDEC: A Benchmark for Medical Error Detection and Correction in Clinical Notes | D16: MEDEC: error sentence accuracy (vs Table 2 GPT-4o) | E16: 0.5665 | F16: 0.4606 | G16: 0.4204 | H16: 0.5003 | I16: x100 | J16: 부분 생존 (partial) [subset: MS 597/925] | K16: MS subset 597/925; GPT-4o-mini row 0.4757 | L16: runs/W4412887943/run_meta.json | W16: =IF(COUNTA(N16:P16)<3,"",IF(AND(N16=O16,O16=P16),N16,IF(N16=O16,N16,IF(N16=P16,N16,IF(O16=P16,O16,"판정 불능"))))) | X16: =IF(COUNTA(N16:P16)<3,"",IF(AND(N16=O16,O16=P16),"3/3",IF(OR(N16=O16,N16=P16,O16=P16),"2/3","0/3")))
A17: 16 | B17: W4412945732 | C17: Pattern Recognition or Medical Knowledge? The Problem with Multiple-Choice Questions in Me | D17: Glianorex gpt-4o: accuracy, en gpt | E17: 0.74 | F17: 0.7576 | G17: 0.7058 | H17: 0.8068 | I17: x100 | J17: 생존 (survived) | L17: runs/W4412945732/run_meta.json | W17: =IF(COUNTA(N17:P17)<3,"",IF(AND(N17=O17,O17=P17),N17,IF(N17=O17,N17,IF(N17=P17,N17,IF(O17=P17,O17,"판정 불능"))))) | X17: =IF(COUNTA(N17:P17)<3,"",IF(AND(N17=O17,O17=P17),"3/3",IF(OR(N17=O17,N17=P17,O17=P17),"2/3","0/3")))
A18: 17 | B18: W4412945732 | C18: Pattern Recognition or Medical Knowledge? The Problem with Multiple-Choice Questions in Me | D18: Glianorex gpt-4o: accuracy, en claude | E18: 0.72 | F18: 0.7232 | G18: 0.6637 | H18: 0.7812 | I18: x100 | J18: 생존 (survived) | L18: runs/W4412945732/run_meta.json | W18: =IF(COUNTA(N18:P18)<3,"",IF(AND(N18=O18,O18=P18),N18,IF(N18=O18,N18,IF(N18=P18,N18,IF(O18=P18,O18,"판정 불능"))))) | X18: =IF(COUNTA(N18:P18)<3,"",IF(AND(N18=O18,O18=P18),"3/3",IF(OR(N18=O18,N18=P18,O18=P18),"2/3","0/3")))
A19: 18 | B19: W4412945732 | C19: Pattern Recognition or Medical Knowledge? The Problem with Multiple-Choice Questions in Me | D19: Glianorex gpt-4o: accuracy, fr gpt | E19: 0.69 | F19: 0.7083 | G19: 0.649 | H19: 0.7551 | I19: x100 | J19: 생존 (survived) | L19: runs/W4412945732/run_meta.json | W19: =IF(COUNTA(N19:P19)<3,"",IF(AND(N19=O19,O19=P19),N19,IF(N19=O19,N19,IF(N19=P19,N19,IF(O19=P19,O19,"판정 불능"))))) | X19: =IF(COUNTA(N19:P19)<3,"",IF(AND(N19=O19,O19=P19),"3/3",IF(OR(N19=O19,N19=P19,O19=P19),"2/3","0/3")))
A20: 19 | B20: W4412945732 | C20: Pattern Recognition or Medical Knowledge? The Problem with Multiple-Choice Questions in Me | D20: Glianorex gpt-4o: accuracy, fr claude | E20: 0.71 | F20: 0.7188 | G20: 0.6592 | H20: 0.7769 | I20: x100 | J20: 생존 (survived) | L20: runs/W4412945732/run_meta.json | W20: =IF(COUNTA(N20:P20)<3,"",IF(AND(N20=O20,O20=P20),N20,IF(N20=O20,N20,IF(N20=P20,N20,IF(O20=P20,O20,"판정 불능"))))) | X20: =IF(COUNTA(N20:P20)<3,"",IF(AND(N20=O20,O20=P20),"3/3",IF(OR(N20=O20,N20=P20,O20=P20),"2/3","0/3")))
A21: 20 | B21: W4412945732 | C21: Pattern Recognition or Medical Knowledge? The Problem with Multiple-Choice Questions in Me | D21: Glianorex gpt-4-turbo: accuracy, en gpt | E21: 0.65 | F21: 0.6591 | G21: 0.6048 | H21: 0.7172 | I21: x100 | J21: 생존 (survived) | L21: runs/W4412945732/run_meta.json | W21: =IF(COUNTA(N21:P21)<3,"",IF(AND(N21=O21,O21=P21),N21,IF(N21=O21,N21,IF(N21=P21,N21,IF(O21=P21,O21,"판정 불능"))))) | X21: =IF(COUNTA(N21:P21)<3,"",IF(AND(N21=O21,O21=P21),"3/3",IF(OR(N21=O21,N21=P21,O21=P21),"2/3","0/3")))
A22: 21 | B22: W4412945732 | C22: Pattern Recognition or Medical Knowledge? The Problem with Multiple-Choice Questions in Me | D22: Glianorex gpt-4-turbo: accuracy, en claude | E22: 0.69 | F22: 0.692 | G22: 0.6279 | H22: 0.7485 | I22: x100 | J22: 생존 (survived) | L22: runs/W4412945732/run_meta.json | W22: =IF(COUNTA(N22:P22)<3,"",IF(AND(N22=O22,O22=P22),N22,IF(N22=O22,N22,IF(N22=P22,N22,IF(O22=P22,O22,"판정 불능"))))) | X22: =IF(COUNTA(N22:P22)<3,"",IF(AND(N22=O22,O22=P22),"3/3",IF(OR(N22=O22,N22=P22,O22=P22),"2/3","0/3")))
A23: 22 | B23: W4412945732 | C23: Pattern Recognition or Medical Knowledge? The Problem with Multiple-Choice Questions in Me | D23: Glianorex gpt-4-turbo: accuracy, fr gpt | E23: 0.68 | F23: 0.6591 | G23: 0.596 | H23: 0.7121 | I23: x100 | J23: 생존 (survived) | L23: runs/W4412945732/run_meta.json | W23: =IF(COUNTA(N23:P23)<3,"",IF(AND(N23=O23,O23=P23),N23,IF(N23=O23,N23,IF(N23=P23,N23,IF(O23=P23,O23,"판정 불능"))))) | X23: =IF(COUNTA(N23:P23)<3,"",IF(AND(N23=O23,O23=P23),"3/3",IF(OR(N23=O23,N23=P23,O23=P23),"2/3","0/3")))
A24: 23 | B24: W4412945732 | C24: Pattern Recognition or Medical Knowledge? The Problem with Multiple-Choice Questions in Me | D24: Glianorex gpt-4-turbo: accuracy, fr claude | E24: 0.68 | F24: 0.6741 | G24: 0.6131 | H24: 0.7336 | I24: x100 | J24: 생존 (survived) | L24: runs/W4412945732/run_meta.json | W24: =IF(COUNTA(N24:P24)<3,"",IF(AND(N24=O24,O24=P24),N24,IF(N24=O24,N24,IF(N24=P24,N24,IF(O24=P24,O24,"판정 불능"))))) | X24: =IF(COUNTA(N24:P24)<3,"",IF(AND(N24=O24,O24=P24),"3/3",IF(OR(N24=O24,N24=P24,O24=P24),"2/3","0/3")))
A25: 24 | B25: W4396768794 | C25: Assessing DxGPT: Diagnosing Rare Diseases with Various Large Language Models | D25: DxGPT: strict top-1 (new vs archived diagnoses, same judge) | E25: 58.5 | F25: 57 | G25: 51 | H25: 64 | I25: pts | J25: 생존 (survival) | K25: judge-matched comparison; Table 3 with the original judge 54.0 | L25: runs/W4396768794/run_meta.json | W25: =IF(COUNTA(N25:P25)<3,"",IF(AND(N25=O25,O25=P25),N25,IF(N25=O25,N25,IF(N25=P25,N25,IF(O25=P25,O25,"판정 불능"))))) | X25: =IF(COUNTA(N25:P25)<3,"",IF(AND(N25=O25,O25=P25),"3/3",IF(OR(N25=O25,N25=P25,O25=P25),"2/3","0/3")))
A26: 25 | B26: W4396768794 | C26: Assessing DxGPT: Diagnosing Rare Diseases with Various Large Language Models | D26: DxGPT: top-5 (new vs archived diagnoses, same judge) | E26: 69 | F26: 69.5 | G26: 63.4875 | H26: 76 | I26: pts | J26: 생존 (survival) | L26: runs/W4396768794/run_meta.json | W26: =IF(COUNTA(N26:P26)<3,"",IF(AND(N26=O26,O26=P26),N26,IF(N26=O26,N26,IF(N26=P26,N26,IF(O26=P26,O26,"판정 불능"))))) | X26: =IF(COUNTA(N26:P26)<3,"",IF(AND(N26=O26,O26=P26),"3/3",IF(OR(N26=O26,N26=P26,O26=P26),"2/3","0/3")))
A27: 26 | B27: W4405408496 | C27: The Impact of Temperature on Extracting Information From Clinical Trial Publications Using | D27: Temperature study gpt-4o: formatted numeric answers, T=0.00 | E27: 98.7 | F27: 98.393574 | G27: 97.289157 | H27: 98.995984 | I27: pts | J27: 생존 (survived) | K27: median over 3 pass(es) | L27: runs/W4405408496/run_meta.json | W27: =IF(COUNTA(N27:P27)<3,"",IF(AND(N27=O27,O27=P27),N27,IF(N27=O27,N27,IF(N27=P27,N27,IF(O27=P27,O27,"판정 불능"))))) | X27: =IF(COUNTA(N27:P27)<3,"",IF(AND(N27=O27,O27=P27),"3/3",IF(OR(N27=O27,N27=P27,O27=P27),"2/3","0/3")))
A28: 27 | B28: W4405408496 | C28: The Impact of Temperature on Extracting Information From Clinical Trial Publications Using | D28: Temperature study gpt-4o: formatted numeric answers, T=1.50 | E28: 98.7 | F28: 97.891566 | G28: 96.985442 | H28: 98.694779 | I28: pts | J28: 생존 (survived) | K28: median over 1 pass(es) | L28: runs/W4405408496/run_meta.json | W28: =IF(COUNTA(N28:P28)<3,"",IF(AND(N28=O28,O28=P28),N28,IF(N28=O28,N28,IF(N28=P28,N28,IF(O28=P28,O28,"판정 불능"))))) | X28: =IF(COUNTA(N28:P28)<3,"",IF(AND(N28=O28,O28=P28),"3/3",IF(OR(N28=O28,N28=P28,O28=P28),"2/3","0/3")))
A29: 28 | B29: W4405408496 | C29: The Impact of Temperature on Extracting Information From Clinical Trial Publications Using | D29: Temperature study gpt-4o: formatted numeric answers, T=1.75 | E29: 95.6 | F29: 96.285141 | G29: 95.080321 | H29: 97.389558 | I29: pts | J29: 생존 (survived) | K29: median over 1 pass(es) | L29: runs/W4405408496/run_meta.json | W29: =IF(COUNTA(N29:P29)<3,"",IF(AND(N29=O29,O29=P29),N29,IF(N29=O29,N29,IF(N29=P29,N29,IF(O29=P29,O29,"판정 불능"))))) | X29: =IF(COUNTA(N29:P29)<3,"",IF(AND(N29=O29,O29=P29),"3/3",IF(OR(N29=O29,N29=P29,O29=P29),"2/3","0/3")))
A30: 29 | B30: W4405408496 | C30: The Impact of Temperature on Extracting Information From Clinical Trial Publications Using | D30: Temperature study gpt-4o: formatted numeric answers, T=2.00 | E30: 89.2 | F30: 86.84739 | G30: 84.738956 | H30: 88.855422 | I30: pts | J30: 생존 (survived) | K30: median over 3 pass(es) | L30: runs/W4405408496/run_meta.json | W30: =IF(COUNTA(N30:P30)<3,"",IF(AND(N30=O30,O30=P30),N30,IF(N30=O30,N30,IF(N30=P30,N30,IF(O30=P30,O30,"판정 불능"))))) | X30: =IF(COUNTA(N30:P30)<3,"",IF(AND(N30=O30,O30=P30),"3/3",IF(OR(N30=O30,N30=P30,O30=P30),"2/3","0/3")))
A31: 30 | B31: W4405408496 | C31: The Impact of Temperature on Extracting Information From Clinical Trial Publications Using | D31: Temperature study gpt-4o: MAPE of formatted answers, T=0.00 | E31: 1.7 | F31: 1.4012268 | G31: 0.84360383 | H31: 2.1007196 | I31: pts | J31: 생존 (survived) | L31: runs/W4405408496/run_meta.json | W31: =IF(COUNTA(N31:P31)<3,"",IF(AND(N31=O31,O31=P31),N31,IF(N31=O31,N31,IF(N31=P31,N31,IF(O31=P31,O31,"판정 불능"))))) | X31: =IF(COUNTA(N31:P31)<3,"",IF(AND(N31=O31,O31=P31),"3/3",IF(OR(N31=O31,N31=P31,O31=P31),"2/3","0/3")))
A32: 31 | B32: W4405408496 | C32: The Impact of Temperature on Extracting Information From Clinical Trial Publications Using | D32: Temperature study gpt-4o: MAPE of formatted answers, T=2.00 | E32: 1 | F32: 1.8047491 | G32: 0.89754953 | H32: 4.2214396 | I32: pts | J32: 생존 (survived) | L32: runs/W4405408496/run_meta.json | W32: =IF(COUNTA(N32:P32)<3,"",IF(AND(N32=O32,O32=P32),N32,IF(N32=O32,N32,IF(N32=P32,N32,IF(O32=P32,O32,"판정 불능"))))) | X32: =IF(COUNTA(N32:P32)<3,"",IF(AND(N32=O32,O32=P32),"3/3",IF(OR(N32=O32,N32=P32,O32=P32),"2/3","0/3")))
A33: 32 | B33: W4405408496 | C33: The Impact of Temperature on Extracting Information From Clinical Trial Publications Using | D33: Temperature study gpt-4o-mini: formatted numeric answers, T=2.00 | E33: 90.2 | F33: 90.160643 | G33: 88.253012 | H33: 91.86998 | I33: pts | J33: 생존 (survived) | L33: runs/W4405408496/run_meta.json | W33: =IF(COUNTA(N33:P33)<3,"",IF(AND(N33=O33,O33=P33),N33,IF(N33=O33,N33,IF(N33=P33,N33,IF(O33=P33,O33,"판정 불능"))))) | X33: =IF(COUNTA(N33:P33)<3,"",IF(AND(N33=O33,O33=P33),"3/3",IF(OR(N33=O33,N33=P33,O33=P33),"2/3","0/3")))
A34: 33 | B34: W4400435289 | C34: Me, Myself, and AI: The Situational Awareness Dataset (SAD) for LLMs | D34: SAD-mini facts_human_defaults: accuracy | E34: 0.75 | F34: 0.7975 | G34: 0.774 | H34: 0.8199 | I34: x100 | J34: 생존 (survived) | K34: substitute snapshot gpt-4o-2024-05-13 | L34: runs/W4400435289/run_meta.json | W34: =IF(COUNTA(N34:P34)<3,"",IF(AND(N34=O34,O34=P34),N34,IF(N34=O34,N34,IF(N34=P34,N34,IF(O34=P34,O34,"판정 불능"))))) | X34: =IF(COUNTA(N34:P34)<3,"",IF(AND(N34=O34,O34=P34),"3/3",IF(OR(N34=O34,N34=P34,O34=P34),"2/3","0/3")))
A35: 34 | B35: W4400435289 | C35: Me, Myself, and AI: The Situational Awareness Dataset (SAD) for LLMs | D35: SAD-mini facts_llms: accuracy | E35: 0.89156627 | F35: 0.87550201 | G35: 0.8353 | H35: 0.9157 | I35: x100 | J35: 생존 (survived) | K35: substitute snapshot gpt-4o-2024-05-13 | L35: runs/W4400435289/run_meta.json | W35: =IF(COUNTA(N35:P35)<3,"",IF(AND(N35=O35,O35=P35),N35,IF(N35=O35,N35,IF(N35=P35,N35,IF(O35=P35,O35,"판정 불능"))))) | X35: =IF(COUNTA(N35:P35)<3,"",IF(AND(N35=O35,O35=P35),"3/3",IF(OR(N35=O35,N35=P35,O35=P35),"2/3","0/3")))
A36: 35 | B36: W4400435289 | C36: Me, Myself, and AI: The Situational Awareness Dataset (SAD) for LLMs | D36: SAD-mini influence: accuracy | E36: 0.678125 | F36: 0.703125 | G36: 0.6497 | H36: 0.7565 | I36: x100 | J36: 생존 (survived) | K36: substitute snapshot gpt-4o-2024-05-13 | L36: runs/W4400435289/run_meta.json | W36: =IF(COUNTA(N36:P36)<3,"",IF(AND(N36=O36,O36=P36),N36,IF(N36=O36,N36,IF(N36=P36,N36,IF(O36=P36,O36,"판정 불능"))))) | X36: =IF(COUNTA(N36:P36)<3,"",IF(AND(N36=O36,O36=P36),"3/3",IF(OR(N36=O36,N36=P36,O36=P36),"2/3","0/3")))
A37: 36 | B37: W4400435289 | C37: Me, Myself, and AI: The Situational Awareness Dataset (SAD) for LLMs | D37: SAD-mini stages_full: accuracy | E37: 0.3375 | F37: 0.33875 | G37: 0.305 | H37: 0.37 | I37: x100 | J37: 생존 (survived) | K37: substitute snapshot gpt-4o-2024-05-13 | L37: runs/W4400435289/run_meta.json | W37: =IF(COUNTA(N37:P37)<3,"",IF(AND(N37=O37,O37=P37),N37,IF(N37=O37,N37,IF(N37=P37,N37,IF(O37=P37,O37,"판정 불능"))))) | X37: =IF(COUNTA(N37:P37)<3,"",IF(AND(N37=O37,O37=P37),"3/3",IF(OR(N37=O37,N37=P37,O37=P37),"2/3","0/3")))
A38: 37 | B38: W4400435289 | C38: Me, Myself, and AI: The Situational Awareness Dataset (SAD) for LLMs | D38: SAD-mini stages_oversight: accuracy | E38: 0.4575 | F38: 0.4575 | G38: 0.4067 | H38: 0.4983 | I38: x100 | J38: 생존 (survived) | K38: substitute snapshot gpt-4o-2024-05-13 | L38: runs/W4400435289/run_meta.json | W38: =IF(COUNTA(N38:P38)<3,"",IF(AND(N38=O38,O38=P38),N38,IF(N38=O38,N38,IF(N38=P38,N38,IF(O38=P38,O38,"판정 불능"))))) | X38: =IF(COUNTA(N38:P38)<3,"",IF(AND(N38=O38,O38=P38),"3/3",IF(OR(N38=O38,N38=P38,O38=P38),"2/3","0/3")))
A39: 38 | B39: W4400435289 | C39: Me, Myself, and AI: The Situational Awareness Dataset (SAD) for LLMs | D39: SAD-mini SAD-mini/paper_unweighted: accuracy | E39: 0.623 | F39: 0.6319754 | G39: 0.614 | H39: 0.6509 | I39: x100 | J39: 생존 (survived) | K39: substitute snapshot gpt-4o-2024-05-13 | L39: runs/W4400435289/run_meta.json | W39: =IF(COUNTA(N39:P39)<3,"",IF(AND(N39=O39,O39=P39),N39,IF(N39=O39,N39,IF(N39=P39,N39,IF(O39=P39,O39,"판정 불능"))))) | X39: =IF(COUNTA(N39:P39)<3,"",IF(AND(N39=O39,O39=P39),"3/3",IF(OR(N39=O39,N39=P39,O39=P39),"2/3","0/3")))
A40: 39 | B40: W4400435289 | C40: Me, Myself, and AI: The Situational Awareness Dataset (SAD) for LLMs | D40: SAD-mini SAD-mini/repo_weighted: accuracy | E40: 0.59440663 | F40: 0.6053002 | G40: 0.58 | H40: 0.6332 | I40: x100 | J40: 생존 (survived) | K40: substitute snapshot gpt-4o-2024-05-13 | L40: runs/W4400435289/run_meta.json | W40: =IF(COUNTA(N40:P40)<3,"",IF(AND(N40=O40,O40=P40),N40,IF(N40=O40,N40,IF(N40=P40,N40,IF(O40=P40,O40,"판정 불능"))))) | X40: =IF(COUNTA(N40:P40)<3,"",IF(AND(N40=O40,O40=P40),"3/3",IF(OR(N40=O40,N40=P40,O40=P40),"2/3","0/3")))
A41: 40 | B41: W4404782878 | C41: Humans or LLMs as the Judge? A Study on Judgement Bias | D41: Judgement bias: attack success rate, factual error | E41: 0.06 | F41: 0.0816 | G41: 0.0306 | H41: 0.1386 | I41: x100 | J41: 부분 생존 (partial) | K41: substitute snapshot; 6-vote composition assumed | L41: runs/W4404782878/run_meta.json | W41: =IF(COUNTA(N41:P41)<3,"",IF(AND(N41=O41,O41=P41),N41,IF(N41=O41,N41,IF(N41=P41,N41,IF(O41=P41,O41,"판정 불능"))))) | X41: =IF(COUNTA(N41:P41)<3,"",IF(AND(N41=O41,O41=P41),"3/3",IF(OR(N41=O41,N41=P41,O41=P41),"2/3","0/3")))
A42: 41 | B42: W4404782878 | C42: Humans or LLMs as the Judge? A Study on Judgement Bias | D42: Judgement bias: attack success rate, gender | E42: 0.16 | F42: 0.0947 | G42: 0.04 | H42: 0.16 | I42: x100 | J42: 부분 생존 (partial) | K42: substitute snapshot; 6-vote composition assumed | L42: runs/W4404782878/run_meta.json | W42: =IF(COUNTA(N42:P42)<3,"",IF(AND(N42=O42,O42=P42),N42,IF(N42=O42,N42,IF(N42=P42,N42,IF(O42=P42,O42,"판정 불능"))))) | X42: =IF(COUNTA(N42:P42)<3,"",IF(AND(N42=O42,O42=P42),"3/3",IF(OR(N42=O42,N42=P42,O42=P42),"2/3","0/3")))
A43: 42 | B43: W4404782878 | C43: Humans or LLMs as the Judge? A Study on Judgement Bias | D43: Judgement bias: attack success rate, reference | E43: 0.32 | F43: 0.3298 | G43: 0.234 | H43: 0.4286 | I43: x100 | J43: 부분 생존 (partial) | K43: substitute snapshot; 6-vote composition assumed | L43: runs/W4404782878/run_meta.json | W43: =IF(COUNTA(N43:P43)<3,"",IF(AND(N43=O43,O43=P43),N43,IF(N43=O43,N43,IF(N43=P43,N43,IF(O43=P43,O43,"판정 불능"))))) | X43: =IF(COUNTA(N43:P43)<3,"",IF(AND(N43=O43,O43=P43),"3/3",IF(OR(N43=O43,N43=P43,O43=P43),"2/3","0/3")))
A44: 43 | B44: W4404782878 | C44: Humans or LLMs as the Judge? A Study on Judgement Bias | D44: Judgement bias: attack success rate, rich content | E44: 0.07 | F44: 0.2421 | G44: 0.1613 | H44: 0.3301 | I44: x100 | J44: 부분 생존 (partial) | K44: substitute snapshot; 6-vote composition assumed | L44: runs/W4404782878/run_meta.json | W44: =IF(COUNTA(N44:P44)<3,"",IF(AND(N44=O44,O44=P44),N44,IF(N44=O44,N44,IF(N44=P44,N44,IF(O44=P44,O44,"판정 불능"))))) | X44: =IF(COUNTA(N44:P44)<3,"",IF(AND(N44=O44,O44=P44),"3/3",IF(OR(N44=O44,N44=P44,O44=P44),"2/3","0/3")))
A45: 44 | B45: W4411120389 | C45: The Good, The Bad, and The Greedy: Evaluation of LLMs Should Not Ignore Non-Determinism | D45: Greedy vs sampling (HumanEval): greedy pass@1, median of 3 repeats | E45: 89.6 | F45: 88.414634 | G45: 82.926829 | H45: 92.682927 | I45: pts | J45: 부분 생존 (partial) | L45: runs/W4411120389/run_meta.json | W45: =IF(COUNTA(N45:P45)<3,"",IF(AND(N45=O45,O45=P45),N45,IF(N45=O45,N45,IF(N45=P45,N45,IF(O45=P45,O45,"판정 불능"))))) | X45: =IF(COUNTA(N45:P45)<3,"",IF(AND(N45=O45,O45=P45),"3/3",IF(OR(N45=O45,N45=P45,O45=P45),"2/3","0/3")))
A46: 45 | B46: W4411120389 | C46: The Good, The Bad, and The Greedy: Evaluation of LLMs Should Not Ignore Non-Determinism | D46: Greedy vs sampling (HumanEval): sampled pass@1, mean of 32 runs | E46: 84.1 | F46: 86.928354 | G46: 83.077839 | H46: 90.453506 | I46: pts | J46: 부분 생존 (partial) | K46: paper states N=128; the released archive holds 32 runs | L46: runs/W4411120389/run_meta.json | W46: =IF(COUNTA(N46:P46)<3,"",IF(AND(N46=O46,O46=P46),N46,IF(N46=O46,N46,IF(N46=P46,N46,IF(O46=P46,O46,"판정 불능"))))) | X46: =IF(COUNTA(N46:P46)<3,"",IF(AND(N46=O46,O46=P46),"3/3",IF(OR(N46=O46,N46=P46,O46=P46),"2/3","0/3")))
A47: 46 | B47: W4411120389 | C47: The Good, The Bad, and The Greedy: Evaluation of LLMs Should Not Ignore Non-Determinism | D47: Greedy vs sampling (HumanEval): greedy minus sampled gap | E47: 5.5 | F47: 1.4862805 | G47: -1.5434451 | H47: 4.2120808 | I47: pts | J47: 부분 생존 (partial) | L47: runs/W4411120389/run_meta.json | W47: =IF(COUNTA(N47:P47)<3,"",IF(AND(N47=O47,O47=P47),N47,IF(N47=O47,N47,IF(N47=P47,N47,IF(O47=P47,O47,"판정 불능"))))) | X47: =IF(COUNTA(N47:P47)<3,"",IF(AND(N47=O47,O47=P47),"3/3",IF(OR(N47=O47,N47=P47,O47=P47),"2/3","0/3")))
A48: 47 | B48: W4416074906 | C48: AgentMisalignment: Measuring the Propensity for Misaligned Behaviour in LLM-Based Agents | D48: AgentMisalignment: misalignment score, persona None | E48: 0.208 | F48: 0.2083 | G48: 0.0417 | H48: 0.4167 | I48: x100 | J48: 생존 (survived) | K48: 6 scenarios per persona | L48: runs/W4416074906/run_meta.json | W48: =IF(COUNTA(N48:P48)<3,"",IF(AND(N48=O48,O48=P48),N48,IF(N48=O48,N48,IF(N48=P48,N48,IF(O48=P48,O48,"판정 불능"))))) | X48: =IF(COUNTA(N48:P48)<3,"",IF(AND(N48=O48,O48=P48),"3/3",IF(OR(N48=O48,N48=P48,O48=P48),"2/3","0/3")))
A49: 48 | B49: W4416074906 | C49: AgentMisalignment: Measuring the Propensity for Misaligned Behaviour in LLM-Based Agents | D49: AgentMisalignment: misalignment score, persona Analyst | E49: 0.208 | F49: 0.2083 | G49: 0.0417 | H49: 0.375 | I49: x100 | J49: 생존 (survived) | K49: 6 scenarios per persona | L49: runs/W4416074906/run_meta.json | W49: =IF(COUNTA(N49:P49)<3,"",IF(AND(N49=O49,O49=P49),N49,IF(N49=O49,N49,IF(N49=P49,N49,IF(O49=P49,O49,"판정 불능"))))) | X49: =IF(COUNTA(N49:P49)<3,"",IF(AND(N49=O49,O49=P49),"3/3",IF(OR(N49=O49,N49=P49,O49=P49),"2/3","0/3")))
A50: 49 | B50: W4416074906 | C50: AgentMisalignment: Measuring the Propensity for Misaligned Behaviour in LLM-Based Agents | D50: AgentMisalignment: misalignment score, persona Executor | E50: 0.25 | F50: 0.25 | G50: 0.0833 | H50: 0.4167 | I50: x100 | J50: 생존 (survived) | K50: 6 scenarios per persona | L50: runs/W4416074906/run_meta.json | W50: =IF(COUNTA(N50:P50)<3,"",IF(AND(N50=O50,O50=P50),N50,IF(N50=O50,N50,IF(N50=P50,N50,IF(O50=P50,O50,"판정 불능"))))) | X50: =IF(COUNTA(N50:P50)<3,"",IF(AND(N50=O50,O50=P50),"3/3",IF(OR(N50=O50,N50=P50,O50=P50),"2/3","0/3")))
A51: 50 | B51: W4416074906 | C51: AgentMisalignment: Measuring the Propensity for Misaligned Behaviour in LLM-Based Agents | D51: AgentMisalignment: misalignment score, persona Inventor | E51: 0.208 | F51: 0.25 | G51: 0.0833 | H51: 0.4167 | I51: x100 | J51: 생존 (survived) | K51: 6 scenarios per persona | L51: runs/W4416074906/run_meta.json | W51: =IF(COUNTA(N51:P51)<3,"",IF(AND(N51=O51,O51=P51),N51,IF(N51=O51,N51,IF(N51=P51,N51,IF(O51=P51,O51,"판정 불능"))))) | X51: =IF(COUNTA(N51:P51)<3,"",IF(AND(N51=O51,O51=P51),"3/3",IF(OR(N51=O51,N51=P51,O51=P51),"2/3","0/3")))
A52: 51 | B52: W4416074906 | C52: AgentMisalignment: Measuring the Propensity for Misaligned Behaviour in LLM-Based Agents | D52: AgentMisalignment: misalignment score, persona Custodian | E52: 0.208 | F52: 0.25 | G52: 0.0833 | H52: 0.4167 | I52: x100 | J52: 생존 (survived) | K52: 6 scenarios per persona | L52: runs/W4416074906/run_meta.json | W52: =IF(COUNTA(N52:P52)<3,"",IF(AND(N52=O52,O52=P52),N52,IF(N52=O52,N52,IF(N52=P52,N52,IF(O52=P52,O52,"판정 불능"))))) | X52: =IF(COUNTA(N52:P52)<3,"",IF(AND(N52=O52,O52=P52),"3/3",IF(OR(N52=O52,N52=P52,O52=P52),"2/3","0/3")))
A53: 52 | B53: W4416074906 | C53: AgentMisalignment: Measuring the Propensity for Misaligned Behaviour in LLM-Based Agents | D53: AgentMisalignment: misalignment score, persona Pragmatist | E53: 0.25 | F53: 0.2083 | G53: 0.0833 | H53: 0.3333 | I53: x100 | J53: 생존 (survived) | K53: 6 scenarios per persona | L53: runs/W4416074906/run_meta.json | W53: =IF(COUNTA(N53:P53)<3,"",IF(AND(N53=O53,O53=P53),N53,IF(N53=O53,N53,IF(N53=P53,N53,IF(O53=P53,O53,"판정 불능"))))) | X53: =IF(COUNTA(N53:P53)<3,"",IF(AND(N53=O53,O53=P53),"3/3",IF(OR(N53=O53,N53=P53,O53=P53),"2/3","0/3")))
A54: 53 | B54: W4416074906 | C54: AgentMisalignment: Measuring the Propensity for Misaligned Behaviour in LLM-Based Agents | D54: AgentMisalignment: misalignment score, persona row_mean | E54: 0.222 | F54: 0.2292 | G54: 0.1665 | H54: 0.2986 | I54: x100 | J54: 생존 (survived) | K54: 6 scenarios per persona | L54: runs/W4416074906/run_meta.json | W54: =IF(COUNTA(N54:P54)<3,"",IF(AND(N54=O54,O54=P54),N54,IF(N54=O54,N54,IF(N54=P54,N54,IF(O54=P54,O54,"판정 불능"))))) | X54: =IF(COUNTA(N54:P54)<3,"",IF(AND(N54=O54,O54=P54),"3/3",IF(OR(N54=O54,N54=P54,O54=P54),"2/3","0/3")))
A55: 54 | B55: W4404781910 | C55: OffsetBias: Leveraging Debiased Data for Tuning Evaluators | D55: OffsetBias: EvalBiasBench accuracy, length | E55: 91.2 | F55: 91.2 | G55: 76.470588 | H55: 100 | I55: pts | J55: 생존 (survived) | K55: n=34 pairs x 2 orders | L55: runs/W4404781910/run_meta.json | M55: 예 (harness/cards/HUMAN_CHECKS.md) | W55: =IF(COUNTA(N55:P55)<3,"",IF(AND(N55=O55,O55=P55),N55,IF(N55=O55,N55,IF(N55=P55,N55,IF(O55=P55,O55,"판정 불능"))))) | X55: =IF(COUNTA(N55:P55)<3,"",IF(AND(N55=O55,O55=P55),"3/3",IF(OR(N55=O55,N55=P55,O55=P55),"2/3","0/3")))
A56: 55 | B56: W4404781910 | C56: OffsetBias: Leveraging Debiased Data for Tuning Evaluators | D56: OffsetBias: EvalBiasBench accuracy, concreteness | E56: 92.9 | F56: 92.9 | G56: 82.142857 | H56: 100 | I56: pts | J56: 생존 (survived) | K56: n=28 pairs x 2 orders | L56: runs/W4404781910/run_meta.json | M56: 예 (harness/cards/HUMAN_CHECKS.md) | W56: =IF(COUNTA(N56:P56)<3,"",IF(AND(N56=O56,O56=P56),N56,IF(N56=O56,N56,IF(N56=P56,N56,IF(O56=P56,O56,"판정 불능"))))) | X56: =IF(COUNTA(N56:P56)<3,"",IF(AND(N56=O56,O56=P56),"3/3",IF(OR(N56=O56,N56=P56,O56=P56),"2/3","0/3")))
A57: 56 | B57: W4404781910 | C57: OffsetBias: Leveraging Debiased Data for Tuning Evaluators | D57: OffsetBias: EvalBiasBench accuracy, empty reference | E57: 50 | F57: 61.5 | G57: 37.179487 | H57: 82.051282 | I57: pts | J57: 생존 (survived) | K57: n=26 pairs x 2 orders | L57: runs/W4404781910/run_meta.json | M57: 예 (harness/cards/HUMAN_CHECKS.md) | W57: =IF(COUNTA(N57:P57)<3,"",IF(AND(N57=O57,O57=P57),N57,IF(N57=O57,N57,IF(N57=P57,N57,IF(O57=P57,O57,"판정 불능"))))) | X57: =IF(COUNTA(N57:P57)<3,"",IF(AND(N57=O57,O57=P57),"3/3",IF(OR(N57=O57,N57=P57,O57=P57),"2/3","0/3")))
A58: 57 | B58: W4404781910 | C58: OffsetBias: Leveraging Debiased Data for Tuning Evaluators | D58: OffsetBias: EvalBiasBench accuracy, content continuation | E58: 100 | F58: 100 | G58: 100 | H58: 100 | I58: pts | J58: 생존 (survived) | K58: n=24 pairs x 2 orders | L58: runs/W4404781910/run_meta.json | M58: 예 (harness/cards/HUMAN_CHECKS.md) | W58: =IF(COUNTA(N58:P58)<3,"",IF(AND(N58=O58,O58=P58),N58,IF(N58=O58,N58,IF(N58=P58,N58,IF(O58=P58,O58,"판정 불능"))))) | X58: =IF(COUNTA(N58:P58)<3,"",IF(AND(N58=O58,O58=P58),"3/3",IF(OR(N58=O58,N58=P58,O58=P58),"2/3","0/3")))
A59: 58 | B59: W4404781910 | C59: OffsetBias: Leveraging Debiased Data for Tuning Evaluators | D59: OffsetBias: EvalBiasBench accuracy, nested instruction | E59: 91.7 | F59: 91.7 | G59: 79.166667 | H59: 100 | I59: pts | J59: 생존 (survived) | K59: n=24 pairs x 2 orders | L59: runs/W4404781910/run_meta.json | M59: 예 (harness/cards/HUMAN_CHECKS.md) | W59: =IF(COUNTA(N59:P59)<3,"",IF(AND(N59=O59,O59=P59),N59,IF(N59=O59,N59,IF(N59=P59,N59,IF(O59=P59,O59,"판정 불능"))))) | X59: =IF(COUNTA(N59:P59)<3,"",IF(AND(N59=O59,O59=P59),"3/3",IF(OR(N59=O59,N59=P59,O59=P59),"2/3","0/3")))
A60: 59 | B60: W4404781910 | C60: OffsetBias: Leveraging Debiased Data for Tuning Evaluators | D60: OffsetBias: EvalBiasBench accuracy, familiar knowledge | E60: 95.8 | F60: 95.8 | G60: 87.5 | H60: 100 | I60: pts | J60: 생존 (survived) | K60: n=24 pairs x 2 orders | L60: runs/W4404781910/run_meta.json | M60: 예 (harness/cards/HUMAN_CHECKS.md) | W60: =IF(COUNTA(N60:P60)<3,"",IF(AND(N60=O60,O60=P60),N60,IF(N60=O60,N60,IF(N60=P60,N60,IF(O60=P60,O60,"판정 불능"))))) | X60: =IF(COUNTA(N60:P60)<3,"",IF(AND(N60=O60,O60=P60),"3/3",IF(OR(N60=O60,N60=P60,O60=P60),"2/3","0/3")))
A61: 60 | B61: W4404781910 | C61: OffsetBias: Leveraging Debiased Data for Tuning Evaluators | D61: OffsetBias: EvalBiasBench accuracy, total | E61: 86.9 | F61: 88.8 | G61: 82.291667 | H61: 93.958333 | I61: pts | J61: 생존 (survived) | K61: n=160 pairs x 2 orders | L61: runs/W4404781910/run_meta.json | M61: 예 (harness/cards/HUMAN_CHECKS.md) | W61: =IF(COUNTA(N61:P61)<3,"",IF(AND(N61=O61,O61=P61),N61,IF(N61=O61,N61,IF(N61=P61,N61,IF(O61=P61,O61,"판정 불능"))))) | X61: =IF(COUNTA(N61:P61)<3,"",IF(AND(N61=O61,O61=P61),"3/3",IF(OR(N61=O61,N61=P61,O61=P61),"2/3","0/3")))
A62: 61 | B62: W4400103831 | C62: BADGE: BADminton report Generation and Evaluation with LLM | D62: BADGE: GPT-4 judge score of GPT-4 reports (1-10) | E62: 8.825 | F62: 8.75 | I62: other:1-10 judge score | J62: 생존 (survived) | K62: GPT-4 reports regenerated; other writers' released reports re-judged | L62: runs/W4400103831/run_meta.json | M62: 예 (harness/cards/HUMAN_CHECKS.md) | W62: =IF(COUNTA(N62:P62)<3,"",IF(AND(N62=O62,O62=P62),N62,IF(N62=O62,N62,IF(N62=P62,N62,IF(O62=P62,O62,"판정 불능"))))) | X62: =IF(COUNTA(N62:P62)<3,"",IF(AND(N62=O62,O62=P62),"3/3",IF(OR(N62=O62,N62=P62,O62=P62),"2/3","0/3")))
A63: 62 | B63: W4400103831 | C63: BADGE: BADminton report Generation and Evaluation with LLM | D63: BADGE: GPT-4 judge score of GPT-3.5 reports (1-10) | E63: 8.625 | F63: 8.2666667 | I63: other:1-10 judge score | J63: 생존 (survived) | K63: GPT-4 reports regenerated; other writers' released reports re-judged | L63: runs/W4400103831/run_meta.json | M63: 예 (harness/cards/HUMAN_CHECKS.md) | W63: =IF(COUNTA(N63:P63)<3,"",IF(AND(N63=O63,O63=P63),N63,IF(N63=O63,N63,IF(N63=P63,N63,IF(O63=P63,O63,"판정 불능"))))) | X63: =IF(COUNTA(N63:P63)<3,"",IF(AND(N63=O63,O63=P63),"3/3",IF(OR(N63=O63,N63=P63,O63=P63),"2/3","0/3")))
A64: 63 | B64: W4400103831 | C64: BADGE: BADminton report Generation and Evaluation with LLM | D64: BADGE: GPT-4 judge score of human reports (1-10) | E64: 7.925 | F64: 7.9083333 | I64: other:1-10 judge score | J64: 생존 (survived) | K64: GPT-4 reports regenerated; other writers' released reports re-judged | L64: runs/W4400103831/run_meta.json | M64: 예 (harness/cards/HUMAN_CHECKS.md) | W64: =IF(COUNTA(N64:P64)<3,"",IF(AND(N64=O64,O64=P64),N64,IF(N64=O64,N64,IF(N64=P64,N64,IF(O64=P64,O64,"판정 불능"))))) | X64: =IF(COUNTA(N64:P64)<3,"",IF(AND(N64=O64,O64=P64),"3/3",IF(OR(N64=O64,N64=P64,O64=P64),"2/3","0/3")))
A65: 64 | B65: W7166808082 | C65: TURTLEAI: Benchmarking Multimodal Models for Visual Programming in Turtle Graphics | D65: TURTLEAI: symbolic success rate, DSReal (o3) | E65: 40.2 | F65: 34.31 | G65: 27.45 | H65: 43.14 | I65: pts | J65: 생존 (survived) | K65: 102 tasks x 3 seeds; 30 replies without code | L65: runs/W7166808082/run_meta.json | W65: =IF(COUNTA(N65:P65)<3,"",IF(AND(N65=O65,O65=P65),N65,IF(N65=O65,N65,IF(N65=P65,N65,IF(O65=P65,O65,"판정 불능"))))) | X65: =IF(COUNTA(N65:P65)<3,"",IF(AND(N65=O65,O65=P65),"3/3",IF(OR(N65=O65,N65=P65,O65=P65),"2/3","0/3")))
A66: 65 | B66: W4411119263 | C66: ReIFE: Re-evaluating Instruction-Following Evaluation | D66: ReIFE: evaluator accuracy vs human preference, macro mean of 4 datasets | E66: 84 | F66: 84.155 | G66: 82.157 | H66: 86.083 | I66: pts | J66: 생존 (survived) | K66: repository run; prompt-level Tier B run 84.39 | L66: runs/W4411119263/run_meta.json | W66: =IF(COUNTA(N66:P66)<3,"",IF(AND(N66=O66,O66=P66),N66,IF(N66=O66,N66,IF(N66=P66,N66,IF(O66=P66,O66,"판정 불능"))))) | X66: =IF(COUNTA(N66:P66)<3,"",IF(AND(N66=O66,O66=P66),"3/3",IF(OR(N66=O66,N66=P66,O66=P66),"2/3","0/3")))
A67: 66 | B67: W4411119263 | C67: ReIFE: Re-evaluating Instruction-Following Evaluation | D67: ReIFE: accuracy, llmbar_natural | E67: 95.5 | F67: 95.5 | I67: pts | J67: 생존 (survived) | L67: runs/W4411119263/run_meta.json | W67: =IF(COUNTA(N67:P67)<3,"",IF(AND(N67=O67,O67=P67),N67,IF(N67=O67,N67,IF(N67=P67,N67,IF(O67=P67,O67,"판정 불능"))))) | X67: =IF(COUNTA(N67:P67)<3,"",IF(AND(N67=O67,O67=P67),"3/3",IF(OR(N67=O67,N67=P67,O67=P67),"2/3","0/3")))
A68: 67 | B68: W4411119263 | C68: ReIFE: Re-evaluating Instruction-Following Evaluation | D68: ReIFE: accuracy, llmbar_adversarial | E68: 80.7 | F68: 80.564 | I68: pts | J68: 생존 (survived) | L68: runs/W4411119263/run_meta.json | W68: =IF(COUNTA(N68:P68)<3,"",IF(AND(N68=O68,O68=P68),N68,IF(N68=O68,N68,IF(N68=P68,N68,IF(O68=P68,O68,"판정 불능"))))) | X68: =IF(COUNTA(N68:P68)<3,"",IF(AND(N68=O68,O68=P68),"3/3",IF(OR(N68=O68,N68=P68,O68=P68),"2/3","0/3")))
A69: 68 | B69: W4411119263 | C69: ReIFE: Re-evaluating Instruction-Following Evaluation | D69: ReIFE: accuracy, mtbench | E69: 79.5 | F69: 80.75 | I69: pts | J69: 생존 (survived) | L69: runs/W4411119263/run_meta.json | W69: =IF(COUNTA(N69:P69)<3,"",IF(AND(N69=O69,O69=P69),N69,IF(N69=O69,N69,IF(N69=P69,N69,IF(O69=P69,O69,"판정 불능"))))) | X69: =IF(COUNTA(N69:P69)<3,"",IF(AND(N69=O69,O69=P69),"3/3",IF(OR(N69=O69,N69=P69,O69=P69),"2/3","0/3")))
A70: 69 | B70: W4411119263 | C70: ReIFE: Re-evaluating Instruction-Following Evaluation | D70: ReIFE: accuracy, instrusum | E70: 80.3 | F70: 79.805 | I70: pts | J70: 생존 (survived) | L70: runs/W4411119263/run_meta.json | W70: =IF(COUNTA(N70:P70)<3,"",IF(AND(N70=O70,O70=P70),N70,IF(N70=O70,N70,IF(N70=P70,N70,IF(O70=P70,O70,"판정 불능"))))) | X70: =IF(COUNTA(N70:P70)<3,"",IF(AND(N70=O70,O70=P70),"3/3",IF(OR(N70=O70,N70=P70,O70=P70),"2/3","0/3")))
A71: 70 | B71: W4416035547 | C71: Agent-to-Agent Theory of Mind: Testing Interlocutor Awareness among Large Language Models | D71: Interlocutor awareness: self-identification accuracy, MATH-500 (o4-mini) | E71: 0.64 | F71: 0.94 | G71: 0.9033 | H71: 0.9567 | I71: x100 | J71: 부분 생존 (partial) | K71: card reads Figure 11 as 0.64; the Tier B config carried 0.93 (open) | L71: runs/W4416035547/run_meta.json | M71: 예 (harness/cards/HUMAN_CHECKS.md) | W71: =IF(COUNTA(N71:P71)<3,"",IF(AND(N71=O71,O71=P71),N71,IF(N71=O71,N71,IF(N71=P71,N71,IF(O71=P71,O71,"판정 불능"))))) | X71: =IF(COUNTA(N71:P71)<3,"",IF(AND(N71=O71,O71=P71),"3/3",IF(OR(N71=O71,N71=P71,O71=P71),"2/3","0/3")))
A72: 71 | B72: W4403885225 | C72: Justice or Prejudice? Quantifying Biases in LLM-as-a-Judge | D72: Judge bias: verbosity robustness rate (500 fact items) | E72: 0.915 | F72: 0.9495 | G72: 0.9293 | H72: 0.9677 | I72: x100 | J72: 부분 생존 (partial) | K72: unparsable verdicts dropped (1%) | L72: runs/W4403885225/run_meta.json | M72: 예 (harness/cards/HUMAN_CHECKS.md) | W72: =IF(COUNTA(N72:P72)<3,"",IF(AND(N72=O72,O72=P72),N72,IF(N72=O72,N72,IF(N72=P72,N72,IF(O72=P72,O72,"판정 불능"))))) | X72: =IF(COUNTA(N72:P72)<3,"",IF(AND(N72=O72,O72=P72),"3/3",IF(OR(N72=O72,N72=P72,O72=P72),"2/3","0/3")))
A73: 72 | B73: W4403885225 | C73: Justice or Prejudice? Quantifying Biases in LLM-as-a-Judge | D73: Judge bias: unperturbed consistency rate (noise floor) | E73: 0.99 | F73: 0.9737 | G73: 0.9578 | H73: 0.9859 | I73: x100 | J73: 부분 생존 (partial) | L73: runs/W4403885225/run_meta.json | M73: 예 (harness/cards/HUMAN_CHECKS.md) | W73: =IF(COUNTA(N73:P73)<3,"",IF(AND(N73=O73,O73=P73),N73,IF(N73=O73,N73,IF(N73=P73,N73,IF(O73=P73,O73,"판정 불능"))))) | X73: =IF(COUNTA(N73:P73)<3,"",IF(AND(N73=O73,O73=P73),"3/3",IF(OR(N73=O73,N73=P73,O73=P73),"2/3","0/3")))
A74: 73 | B74: W4406880877 | C74: People who frequently use ChatGPT for writing tasks are accurate and robust detectors of A | D74: AI-text detection (o1 zero-shot CoT): true positive rate, 150 AI articles | E74: 54 | F74: 55.3333 | G74: 47.3431 | H74: 63.0572 | I74: pts | J74: 생존 (survived) | L74: runs/W4406880877/run_meta.json | W74: =IF(COUNTA(N74:P74)<3,"",IF(AND(N74=O74,O74=P74),N74,IF(N74=O74,N74,IF(N74=P74,N74,IF(O74=P74,O74,"판정 불능"))))) | X74: =IF(COUNTA(N74:P74)<3,"",IF(AND(N74=O74,O74=P74),"3/3",IF(OR(N74=O74,N74=P74,O74=P74),"2/3","0/3")))
A75: 74 | B75: W4406880877 | C75: People who frequently use ChatGPT for writing tasks are accurate and robust detectors of A | D75: AI-text detection (o1 zero-shot CoT): false positive rate, 150 human articles | E75: 4 | F75: 4 | G75: 1.8459 | H75: 8.4513 | I75: pts | J75: 생존 (survived) | L75: runs/W4406880877/run_meta.json | W75: =IF(COUNTA(N75:P75)<3,"",IF(AND(N75=O75,O75=P75),N75,IF(N75=O75,N75,IF(N75=P75,N75,IF(O75=P75,O75,"판정 불능"))))) | X75: =IF(COUNTA(N75:P75)<3,"",IF(AND(N75=O75,O75=P75),"3/3",IF(OR(N75=O75,N75=P75,O75=P75),"2/3","0/3")))
A76: 75 | B76: W4412887747 | C76: Rethinking Table Instruction Tuning | D76: TAMA: GPT-4-turbo exact-match accuracy, AIT-QA (repository scorer) | E76: 88.57 | F76: 87.9365 | G76: 84.2328 | H76: 91.4286 | I76: pts | J76: 부분 생존 (partial) | K76: repository scorer counts containment; strict scorer 0.0 (verbose replies) | L76: runs/W4412887747/run_meta.json | M76: 예 (harness/cards/HUMAN_CHECKS.md) | W76: =IF(COUNTA(N76:P76)<3,"",IF(AND(N76=O76,O76=P76),N76,IF(N76=O76,N76,IF(N76=P76,N76,IF(O76=P76,O76,"판정 불능"))))) | X76: =IF(COUNTA(N76:P76)<3,"",IF(AND(N76=O76,O76=P76),"3/3",IF(OR(N76=O76,N76=P76,O76=P76),"2/3","0/3")))
A77: 76 | B77: W4412887747 | C77: Rethinking Table Instruction Tuning | D77: TAMA: GPT-4-turbo exact-match accuracy, InfoTabs (repository scorer) | E77: 58.6 | F77: 73 | G77: 69.1333 | H77: 76.6667 | I77: pts | J77: 부분 생존 (partial) | K77: repository scorer counts containment; strict scorer 0.0 (verbose replies) | L77: runs/W4412887747/run_meta.json | M77: 예 (harness/cards/HUMAN_CHECKS.md) | W77: =IF(COUNTA(N77:P77)<3,"",IF(AND(N77=O77,O77=P77),N77,IF(N77=O77,N77,IF(N77=P77,N77,IF(O77=P77,O77,"판정 불능"))))) | X77: =IF(COUNTA(N77:P77)<3,"",IF(AND(N77=O77,O77=P77),"3/3",IF(OR(N77=O77,N77=P77,O77=P77),"2/3","0/3")))
A78: 77 | B78: W4407012395 | C78: MedXpertQA: Benchmarking Expert-Level Medical Reasoning and Understanding | D78: MedXpertQA Text: accuracy, Reasoning (o1-2024-12-17) | E78: 46.24 | F78: 48.0226 | G78: 40.113 | H78: 55.3672 | I78: pts | J78: 생존 (survived) | K78: n=177 | L78: runs/W4407012395/run_meta.json | M78: 예 (harness/cards/HUMAN_CHECKS.md) | W78: =IF(COUNTA(N78:P78)<3,"",IF(AND(N78=O78,O78=P78),N78,IF(N78=O78,N78,IF(N78=P78,N78,IF(O78=P78,O78,"판정 불능"))))) | X78: =IF(COUNTA(N78:P78)<3,"",IF(AND(N78=O78,O78=P78),"3/3",IF(OR(N78=O78,N78=P78,O78=P78),"2/3","0/3")))
A79: 78 | B79: W4407012395 | C79: MedXpertQA: Benchmarking Expert-Level Medical Reasoning and Understanding | D79: MedXpertQA Text: accuracy, Understanding (o1-2024-12-17) | E79: 39.66 | F79: 40 | G79: 27.2727 | H79: 52.7273 | I79: pts | J79: 생존 (survived) | K79: n=55 | L79: runs/W4407012395/run_meta.json | M79: 예 (harness/cards/HUMAN_CHECKS.md) | W79: =IF(COUNTA(N79:P79)<3,"",IF(AND(N79=O79,O79=P79),N79,IF(N79=O79,N79,IF(N79=P79,N79,IF(O79=P79,O79,"판정 불능"))))) | X79: =IF(COUNTA(N79:P79)<3,"",IF(AND(N79=O79,O79=P79),"3/3",IF(OR(N79=O79,N79=P79,O79=P79),"2/3","0/3")))
A80: 79 | B80: W4407012395 | C80: MedXpertQA: Benchmarking Expert-Level Medical Reasoning and Understanding | D80: MedXpertQA Text: accuracy, Avg (o1-2024-12-17) | E80: 44.67 | F80: 46.1207 | G80: 40.0862 | H80: 52.5862 | I80: pts | J80: 생존 (survived) | K80: n=232 | L80: runs/W4407012395/run_meta.json | M80: 예 (harness/cards/HUMAN_CHECKS.md) | W80: =IF(COUNTA(N80:P80)<3,"",IF(AND(N80=O80,O80=P80),N80,IF(N80=O80,N80,IF(N80=P80,N80,IF(O80=P80,O80,"판정 불능"))))) | X80: =IF(COUNTA(N80:P80)<3,"",IF(AND(N80=O80,O80=P80),"3/3",IF(OR(N80=O80,N80=P80,O80=P80),"2/3","0/3")))
A81: 80 | B81: W4407012395 | C81: MedXpertQA: Benchmarking Expert-Level Medical Reasoning and Understanding | D81: MedXpertQA Text: accuracy, Reasoning (o3-mini-2025-01-31) | E81: 37.63 | F81: 40.3226 | G81: 33.3199 | H81: 47.3118 | I81: pts | J81: 생존 (survived) | K81: n=186 | L81: runs/W4407012395/run_meta.json | M81: 예 (harness/cards/HUMAN_CHECKS.md) | W81: =IF(COUNTA(N81:P81)<3,"",IF(AND(N81=O81,O81=P81),N81,IF(N81=O81,N81,IF(N81=P81,N81,IF(O81=P81,O81,"판정 불능"))))) | X81: =IF(COUNTA(N81:P81)<3,"",IF(AND(N81=O81,O81=P81),"3/3",IF(OR(N81=O81,N81=P81,O81=P81),"2/3","0/3")))
A82: 81 | B82: W4407012395 | C82: MedXpertQA: Benchmarking Expert-Level Medical Reasoning and Understanding | D82: MedXpertQA Text: accuracy, Understanding (o3-mini-2025-01-31) | E82: 36.21 | F82: 32.7586 | G82: 20.6897 | H82: 44.8276 | I82: pts | J82: 생존 (survived) | K82: n=58 | L82: runs/W4407012395/run_meta.json | M82: 예 (harness/cards/HUMAN_CHECKS.md) | W82: =IF(COUNTA(N82:P82)<3,"",IF(AND(N82=O82,O82=P82),N82,IF(N82=O82,N82,IF(N82=P82,N82,IF(O82=P82,O82,"판정 불능"))))) | X82: =IF(COUNTA(N82:P82)<3,"",IF(AND(N82=O82,O82=P82),"3/3",IF(OR(N82=O82,N82=P82,O82=P82),"2/3","0/3")))
A83: 82 | B83: W4407012395 | C83: MedXpertQA: Benchmarking Expert-Level Medical Reasoning and Understanding | D83: MedXpertQA Text: accuracy, Avg (o3-mini-2025-01-31) | E83: 37.3 | F83: 38.5246 | G83: 32.377 | H83: 44.6721 | I83: pts | J83: 생존 (survived) | K83: n=244 | L83: runs/W4407012395/run_meta.json | M83: 예 (harness/cards/HUMAN_CHECKS.md) | W83: =IF(COUNTA(N83:P83)<3,"",IF(AND(N83=O83,O83=P83),N83,IF(N83=O83,N83,IF(N83=P83,N83,IF(O83=P83,O83,"판정 불능"))))) | X83: =IF(COUNTA(N83:P83)<3,"",IF(AND(N83=O83,O83=P83),"3/3",IF(OR(N83=O83,N83=P83,O83=P83),"2/3","0/3")))
A84: 83 | B84: W4416034576 | C84: AIRepr: An Analyst-Inspector Framework for Evaluating Reproducibility of LLMs in Data Scie | D84: AIRepr: o3-mini overall reproducibility on DiscoveryBench, CoT prompt | E84: 55.23 | F84: 39.75 | G84: 33.89 | H84: 46.03 | I84: pts | J84: 부분 생존 (partial) | K84: n=239 tasks x 3 seeds; o3-mini as inspector | L84: runs/W4416034576/run_meta.json | M84: 예 (harness/cards/HUMAN_CHECKS.md) | W84: =IF(COUNTA(N84:P84)<3,"",IF(AND(N84=O84,O84=P84),N84,IF(N84=O84,N84,IF(N84=P84,N84,IF(O84=P84,O84,"판정 불능"))))) | X84: =IF(COUNTA(N84:P84)<3,"",IF(AND(N84=O84,O84=P84),"3/3",IF(OR(N84=O84,N84=P84,O84=P84),"2/3","0/3")))
A85: 84 | B85: W4416034576 | C85: AIRepr: An Analyst-Inspector Framework for Evaluating Reproducibility of LLMs in Data Scie | D85: AIRepr: o3-mini overall reproducibility on DiscoveryBench, RoT prompt | E85: 60.25 | F85: 48.12 | G85: 41.42 | H85: 54.81 | I85: pts | J85: 부분 생존 (partial) | K85: n=239 tasks x 3 seeds; o3-mini as inspector | L85: runs/W4416034576/run_meta.json | M85: 예 (harness/cards/HUMAN_CHECKS.md) | W85: =IF(COUNTA(N85:P85)<3,"",IF(AND(N85=O85,O85=P85),N85,IF(N85=O85,N85,IF(N85=P85,N85,IF(O85=P85,O85,"판정 불능"))))) | X85: =IF(COUNTA(N85:P85)<3,"",IF(AND(N85=O85,O85=P85),"3/3",IF(OR(N85=O85,N85=P85,O85=P85),"2/3","0/3")))
A86: 85 | B86: W4416034576 | C86: AIRepr: An Analyst-Inspector Framework for Evaluating Reproducibility of LLMs in Data Scie | D86: AIRepr: RoT minus CoT reproducibility difference (pp) | E86: 5.02 | F86: 8.37 | G86: 1.67 | H86: 15.06 | I86: pts | J86: 부분 생존 (partial) | K86: paired task-level bootstrap; the card's primary quantity | L86: runs/W4416034576/run_meta.json | M86: 예 (harness/cards/HUMAN_CHECKS.md) | W86: =IF(COUNTA(N86:P86)<3,"",IF(AND(N86=O86,O86=P86),N86,IF(N86=O86,N86,IF(N86=P86,N86,IF(O86=P86,O86,"판정 불능"))))) | X86: =IF(COUNTA(N86:P86)<3,"",IF(AND(N86=O86,O86=P86),"3/3",IF(OR(N86=O86,N86=P86,O86=P86),"2/3","0/3")))
A87: 86 | B87: W4399442646 | C87: ACCORD: Closing the Commonsense Measurability Gap | D87: ACCORD: gpt-4o anti-factual accuracy at 1 reasoning hops (Figure 3 series) | E87: 0.89462366 | F87: 0.88602151 | G87: 0.84256663 | H87: 0.92601504 | I87: x100 | J87: 생존 (survived) | K87: reference digitised from the Figure 3 SVG; 95% CI = pairing-cluster bootstrap | L87: runs/W4399442646/run_meta.json | M87: 예 (harness/cards/HUMAN_CHECKS.md) | W87: =IF(COUNTA(N87:P87)<3,"",IF(AND(N87=O87,O87=P87),N87,IF(N87=O87,N87,IF(N87=P87,N87,IF(O87=P87,O87,"판정 불능"))))) | X87: =IF(COUNTA(N87:P87)<3,"",IF(AND(N87=O87,O87=P87),"3/3",IF(OR(N87=O87,N87=P87,O87=P87),"2/3","0/3")))
... A96: 95 | B96: W4399442646 | C96: ACCORD: Closing the Commonsense Measurability Gap | D96: ACCORD: gpt-4o factual accuracy at 5 reasoning hops (Figure 3 series) | E96: 0.50537634 | F96: 0.50537634 | G96: 0.40151129 | H96: 0.59928702 | I96: x100 | J96: 생존 (survived) | K96: reference digitised from the Figure 3 SVG; 95% CI = pairing-cluster bootstrap | L96: runs/W4399442646/run_meta.json | M96: 예 (harness/cards/HUMAN_CHECKS.md) | W96: =IF(COUNTA(N96:P96)<3,"",IF(AND(N96=O96,O96=P96),N96,IF(N96=O96,N96,IF(N96=P96,N96,IF(O96=P96,O96,"판정 불능"))))) | X96: =IF(COUNTA(N96:P96)<3,"",IF(AND(N96=O96,O96=P96),"3/3",IF(OR(N96=O96,N96=P96,O96=P96),"2/3","0/3")))

Sheet PromptLevel_blind
A1: 번호 | B1: 논문 ID | C1: 논문 | D1: 지표 | E1: 원 논문 값 | F1: 조건 부호 | G1: 재실행 값 | H1: 95% 구간 하한 | I1: 95% 구간 상한 | J1: 문항 수 | K1: 파싱 실패 수 | L1: 비용 상한 부분집합 | M1: 자동 가안(값 수준) | N1: 저정밀(구간 반폭>10점) | O1: 판정 A | P1: 판정 B | Q1: 판정 C | R1: 결론 수준 A | S1: 결론 수준 B | T1: 결론 수준 C | U1: 메모 A | V1: 메모 B | W1: 메모 C | X1: 다수결 | Y1: 일치
A2: 1 | B2: W4399317891 | C2: OR-Bench: An Over-Refusal Benchmark for Large Langua | D2: custom | E2: 12.7 | F2: A | G2: 14.25031 | H2: 10.780669 | I2: 19.330855 | J2: 269 | K2: 0 | L2: 예 | M2: 재현 | X2: =IF(COUNTA(O2:Q2)<3,"",IF(AND(O2=P2,P2=Q2),O2,IF(O2=P2,O2,IF(O2=Q2,O2,IF(P2=Q2,P2,"판정 불능"))))) | Y2: =IF(COUNTA(O2:Q2)<3,"",IF(AND(O2=P2,P2=Q2),"3/3",IF(OR(O2=P2,O2=Q2,P2=Q2),"2/3","0/3")))
A3: 2 | B3: W4399317891 | C3: OR-Bench: An Over-Refusal Benchmark for Large Langua | D3: custom | E3: 12.7 | F3: B | G3: 15.986 | H3: 11.905 | I3: 20.408 | J3: 294 | K3: 0 | L3: 예 | M3: 재현 | X3: =IF(COUNTA(O3:Q3)<3,"",IF(AND(O3=P3,P3=Q3),O3,IF(O3=P3,O3,IF(O3=Q3,O3,IF(P3=Q3,P3,"판정 불능"))))) | Y3: =IF(COUNTA(O3:Q3)<3,"",IF(AND(O3=P3,P3=Q3),"3/3",IF(OR(O3=P3,O3=Q3,P3=Q3),"2/3","0/3")))
A4: 3 | B4: W4399317891 | C4: OR-Bench: An Over-Refusal Benchmark for Large Langua | D4: custom | E4: 12.7 | F4: C | G4: 26.478 | H4: 22.108 | I4: 30.848 | J4: 931 | K4: 0 | L4: 예 | M4: 편차 | X4: =IF(COUNTA(O4:Q4)<3,"",IF(AND(O4=P4,P4=Q4),O4,IF(O4=P4,O4,IF(O4=Q4,O4,IF(P4=Q4,P4,"판정 불능"))))) | Y4: =IF(COUNTA(O4:Q4)<3,"",IF(AND(O4=P4,P4=Q4),"3/3",IF(OR(O4=P4,O4=Q4,P4=Q4),"2/3","0/3")))
A5: 4 | B5: W4399404161 | C5: MMLU-Pro: A More Robust and Challenging Multi-Task L | D5: accuracy | E5: 63.7 | F5: A | G5: 67.978208 | H5: 65.738499 | I5: 70.217918 | J5: 1652 | K5: 0 | L5: 예 | M5: 근접 | X5: =IF(COUNTA(O5:Q5)<3,"",IF(AND(O5=P5,P5=Q5),O5,IF(O5=P5,O5,IF(O5=Q5,O5,IF(P5=Q5,P5,"판정 불능"))))) | Y5: =IF(COUNTA(O5:Q5)<3,"",IF(AND(O5=P5,P5=Q5),"3/3",IF(OR(O5=P5,O5=Q5,P5=Q5),"2/3","0/3")))
A6: 5 | B6: W4399911093 | C6: Leveraging Large Language Models to Measure Gender R | D6: custom | E6: 90.24 | F6: A | G6: 90.873133 | H6: 89.13055 | I6: 92.928273 | J6: 100 | K6: 0 | M6: 재현 | X6: =IF(COUNTA(O6:Q6)<3,"",IF(AND(O6=P6,P6=Q6),O6,IF(O6=P6,O6,IF(O6=Q6,O6,IF(P6=Q6,P6,"판정 불능"))))) | Y6: =IF(COUNTA(O6:Q6)<3,"",IF(AND(O6=P6,P6=Q6),"3/3",IF(OR(O6=P6,O6=Q6,P6=Q6),"2/3","0/3")))
A7: 6 | B7: W4399911093 | C7: Leveraging Large Language Models to Measure Gender R | D7: custom | E7: 90.24 | F7: B | G7: 84.16 | H7: 80.749 | I7: 87.219 | J7: 100 | K7: 0 | M7: 편차 | X7: =IF(COUNTA(O7:Q7)<3,"",IF(AND(O7=P7,P7=Q7),O7,IF(O7=P7,O7,IF(O7=Q7,O7,IF(P7=Q7,P7,"판정 불능"))))) | Y7: =IF(COUNTA(O7:Q7)<3,"",IF(AND(O7=P7,P7=Q7),"3/3",IF(OR(O7=P7,O7=Q7,P7=Q7),"2/3","0/3")))
A8: 7 | B8: W4399911093 | C8: Leveraging Large Language Models to Measure Gender R | D8: custom | E8: 90.24 | F8: C | G8: 95.259 | H8: 93.907 | I8: 96.563 | J8: 100 | K8: 0 | M8: 편차 | X8: =IF(COUNTA(O8:Q8)<3,"",IF(AND(O8=P8,P8=Q8),O8,IF(O8=P8,O8,IF(O8=Q8,O8,IF(P8=Q8,P8,"판정 불능"))))) | Y8: =IF(COUNTA(O8:Q8)<3,"",IF(AND(O8=P8,P8=Q8),"3/3",IF(OR(O8=P8,O8=Q8,P8=Q8),"2/3","0/3")))
A9: 8 | B9: W4399911093 | C9: Leveraging Large Language Models to Measure Gender R | D9: custom | E9: 90.24 | F9: D | G9: 80.309 | H9: 75.78 | I9: 84.589 | J9: 100 | K9: 0 | M9: 편차 | X9: =IF(COUNTA(O9:Q9)<3,"",IF(AND(O9=P9,P9=Q9),O9,IF(O9=P9,O9,IF(O9=Q9,O9,IF(P9=Q9,P9,"판정 불능"))))) | Y9: =IF(COUNTA(O9:Q9)<3,"",IF(AND(O9=P9,P9=Q9),"3/3",IF(OR(O9=P9,O9=Q9,P9=Q9),"2/3","0/3")))
A10: 9 | B10: W4399911093 | C10: Leveraging Large Language Models to Measure Gender R | D10: custom | E10: 90.24 | F10: E | G10: 94.509 | H10: 93.157 | I10: 95.85 | J10: 100 | K10: 0 | M10: 근접 | X10: =IF(COUNTA(O10:Q10)<3,"",IF(AND(O10=P10,P10=Q10),O10,IF(O10=P10,O10,IF(O10=Q10,O10,IF(P10=Q10,P10,"판정 불능"))))) | Y10: =IF(COUNTA(O10:Q10)<3,"",IF(AND(O10=P10,P10=Q10),"3/3",IF(OR(O10=P10,O10=Q10,P10=Q10),"2/3","0/3")))
A11: 10 | B11: W4399911213 | C11: WikiContradict: A Benchmark for Evaluating LLMs on R | D11: accuracy | E11: 86.7 | F11: A | G11: 84.583 | H11: 80 | I11: 89.167 | J11: 240 | K11: 0 | M11: 재현 | X11: =IF(COUNTA(O11:Q11)<3,"",IF(AND(O11=P11,P11=Q11),O11,IF(O11=P11,O11,IF(O11=Q11,O11,IF(P11=Q11,P11,"판정 불능"))))) | Y11: =IF(COUNTA(O11:Q11)<3,"",IF(AND(O11=P11,P11=Q11),"3/3",IF(OR(O11=P11,O11=Q11,P11=Q11),"2/3","0/3")))
A12: 11 | B12: W4399911213 | C12: WikiContradict: A Benchmark for Evaluating LLMs on R | D12: accuracy | E12: 86.7 | F12: B | G12: 81.111111 | H12: 76.25 | I12: 86.25 | J12: 240 | K12: 0 | M12: 편차 | X12: =IF(COUNTA(O12:Q12)<3,"",IF(AND(O12=P12,P12=Q12),O12,IF(O12=P12,O12,IF(O12=Q12,O12,IF(P12=Q12,P12,"판정 불능"))))) | Y12: =IF(COUNTA(O12:Q12)<3,"",IF(AND(O12=P12,P12=Q12),"3/3",IF(OR(O12=P12,O12=Q12,P12=Q12),"2/3","0/3")))
A13: 12 | B13: W4399911213 | C13: WikiContradict: A Benchmark for Evaluating LLMs on R | D13: accuracy | E13: 86.7 | F13: C | G13: 86.667 | H13: 82.5 | I13: 90.833 | J13: 240 | K13: 0 | M13: 재현 | X13: =IF(COUNTA(O13:Q13)<3,"",IF(AND(O13=P13,P13=Q13),O13,IF(O13=P13,O13,IF(O13=Q13,O13,IF(P13=Q13,P13,"판정 불능"))))) | Y13: =IF(COUNTA(O13:Q13)<3,"",IF(AND(O13=P13,P13=Q13),"3/3",IF(OR(O13=P13,O13=Q13,P13=Q13),"2/3","0/3")))
A14: 13 | B14: W4399911213 | C14: WikiContradict: A Benchmark for Evaluating LLMs on R | D14: accuracy | E14: 86.7 | F14: D | G14: 85 | H14: 80.833 | I14: 89.583 | J14: 240 | K14: 0 | M14: 재현 | X14: =IF(COUNTA(O14:Q14)<3,"",IF(AND(O14=P14,P14=Q14),O14,IF(O14=P14,O14,IF(O14=Q14,O14,IF(P14=Q14,P14,"판정 불능"))))) | Y14: =IF(COUNTA(O14:Q14)<3,"",IF(AND(O14=P14,P14=Q14),"3/3",IF(OR(O14=P14,O14=Q14,P14=Q14),"2/3","0/3")))
A15: 14 | B15: W4399911213 | C15: WikiContradict: A Benchmark for Evaluating LLMs on R | D15: accuracy | E15: 86.7 | F15: E | G15: 85.47 | H15: 80.769 | I15: 89.744 | J15: 234 | K15: 0 | L15: 예 | M15: 재현 | X15: =IF(COUNTA(O15:Q15)<3,"",IF(AND(O15=P15,P15=Q15),O15,IF(O15=P15,O15,IF(O15=Q15,O15,IF(P15=Q15,P15,"판정 불능"))))) | Y15: =IF(COUNTA(O15:Q15)<3,"",IF(AND(O15=P15,P15=Q15),"3/3",IF(OR(O15=P15,O15=Q15,P15=Q15),"2/3","0/3")))
A16: 15 | B16: W4399911276 | C16: Whiteboard-of-Thought: Thinking Step-by-Step Across | D16: accuracy | E16: 19.6 | F16: A | G16: 20 | H16: 14.8 | I16: 24.4 | J16: 250 | K16: 2 | M16: 재현 | X16: =IF(COUNTA(O16:Q16)<3,"",IF(AND(O16=P16,P16=Q16),O16,IF(O16=P16,O16,IF(O16=Q16,O16,IF(P16=Q16,P16,"판정 불능"))))) | Y16: =IF(COUNTA(O16:Q16)<3,"",IF(AND(O16=P16,P16=Q16),"3/3",IF(OR(O16=P16,O16=Q16,P16=Q16),"2/3","0/3")))
A17: 16 | B17: W4399911276 | C17: Whiteboard-of-Thought: Thinking Step-by-Step Across | D17: accuracy | E17: 19.6 | F17: B | G17: 80 | H17: 75.2 | I17: 84.8 | J17: 250 | K17: 0 | M17: 편차 | X17: =IF(COUNTA(O17:Q17)<3,"",IF(AND(O17=P17,P17=Q17),O17,IF(O17=P17,O17,IF(O17=Q17,O17,IF(P17=Q17,P17,"판정 불능"))))) | Y17: =IF(COUNTA(O17:Q17)<3,"",IF(AND(O17=P17,P17=Q17),"3/3",IF(OR(O17=P17,O17=Q17,P17=Q17),"2/3","0/3")))
A18: 17 | B18: W4399911276 | C18: Whiteboard-of-Thought: Thinking Step-by-Step Across | D18: accuracy | E18: 19.6 | F18: C | G18: 0 | H18: 0 | I18: 0 | J18: 250 | K18: 250 | M18: 확인 필요 | X18: =IF(COUNTA(O18:Q18)<3,"",IF(AND(O18=P18,P18=Q18),O18,IF(O18=P18,O18,IF(O18=Q18,O18,IF(P18=Q18,P18,"판정 불능"))))) | Y18: =IF(COUNTA(O18:Q18)<3,"",IF(AND(O18=P18,P18=Q18),"3/3",IF(OR(O18=P18,O18=Q18,P18=Q18),"2/3","0/3")))
A19: 18 | B19: W4399911276 | C19: Whiteboard-of-Thought: Thinking Step-by-Step Across | D19: accuracy | E19: 19.6 | F19: D | G19: 15.2 | H19: 10.8 | I19: 19.6 | J19: 250 | K19: 0 | M19: 재현 | X19: =IF(COUNTA(O19:Q19)<3,"",IF(AND(O19=P19,P19=Q19),O19,IF(O19=P19,O19,IF(O19=Q19,O19,IF(P19=Q19,P19,"판정 불능"))))) | Y19: =IF(COUNTA(O19:Q19)<3,"",IF(AND(O19=P19,P19=Q19),"3/3",IF(OR(O19=P19,O19=Q19,P19=Q19),"2/3","0/3")))
A20: 19 | B20: W4399911276 | C20: Whiteboard-of-Thought: Thinking Step-by-Step Across | D20: accuracy | E20: 19.6 | F20: E | G20: 69.942 | H20: 63.006 | I20: 76.879 | J20: 173 | K20: 0 | L20: 예 | M20: 편차 | X20: =IF(COUNTA(O20:Q20)<3,"",IF(AND(O20=P20,P20=Q20),O20,IF(O20=P20,O20,IF(O20=Q20,O20,IF(P20=Q20,P20,"판정 불능"))))) | Y20: =IF(COUNTA(O20:Q20)<3,"",IF(AND(O20=P20,P20=Q20),"3/3",IF(OR(O20=P20,O20=Q20,P20=Q20),"2/3","0/3")))
A21: 20 | B21: W4399912745 | C21: ALiiCE: Evaluating Positional Fine-grained Citation | D21: custom | E21: 47 | F21: A | G21: 46.716 | H21: 44.406 | I21: 49.173 | J21: 707 | K21: 0 | L21: 예 | M21: 재현 | X21: =IF(COUNTA(O21:Q21)<3,"",IF(AND(O21=P21,P21=Q21),O21,IF(O21=P21,O21,IF(O21=Q21,O21,IF(P21=Q21,P21,"판정 불능"))))) | Y21: =IF(COUNTA(O21:Q21)<3,"",IF(AND(O21=P21,P21=Q21),"3/3",IF(OR(O21=P21,O21=Q21,P21=Q21),"2/3","0/3")))
A22: 21 | B22: W4399912745 | C22: ALiiCE: Evaluating Positional Fine-grained Citation | D22: custom | E22: 47 | F22: B | G22: 45.583 | H22: 42.88 | I22: 48.202 | J22: 595 | K22: 0 | L22: 예 | M22: 재현 | X22: =IF(COUNTA(O22:Q22)<3,"",IF(AND(O22=P22,P22=Q22),O22,IF(O22=P22,O22,IF(O22=Q22,O22,IF(P22=Q22,P22,"판정 불능"))))) | Y22: =IF(COUNTA(O22:Q22)<3,"",IF(AND(O22=P22,P22=Q22),"3/3",IF(OR(O22=P22,O22=Q22,P22=Q22),"2/3","0/3")))
A23: 22 | B23: W4399912745 | C23: ALiiCE: Evaluating Positional Fine-grained Citation | D23: custom | E23: 47 | F23: C | G23: 47.138 | H23: 45.012 | I23: 49.406 | J23: 948 | K23: 0 | M23: 재현 | X23: =IF(COUNTA(O23:Q23)<3,"",IF(AND(O23=P23,P23=Q23),O23,IF(O23=P23,O23,IF(O23=Q23,O23,IF(P23=Q23,P23,"판정 불능"))))) | Y23: =IF(COUNTA(O23:Q23)<3,"",IF(AND(O23=P23,P23=Q23),"3/3",IF(OR(O23=P23,O23=Q23,P23=Q23),"2/3","0/3")))
A24: 23 | B24: W4399912745 | C24: ALiiCE: Evaluating Positional Fine-grained Citation | D24: custom | E24: 47 | F24: D | G24: 37.598309 | H24: 35.517962 | I24: 39.553795 | J24: 907 | K24: 0 | L24: 예 | M24: 편차 | X24: =IF(COUNTA(O24:Q24)<3,"",IF(AND(O24=P24,P24=Q24),O24,IF(O24=P24,O24,IF(O24=Q24,O24,IF(P24=Q24,P24,"판정 불능"))))) | Y24: =IF(COUNTA(O24:Q24)<3,"",IF(AND(O24=P24,P24=Q24),"3/3",IF(OR(O24=P24,O24=Q24,P24=Q24),"2/3","0/3")))
A25: 24 | B25: W4399912745 | C25: ALiiCE: Evaluating Positional Fine-grained Citation | D25: custom | E25: 47 | F25: E | G25: 49.033 | H25: 46.858 | I25: 51.231 | J25: 948 | K25: 0 | M25: 재현 | X25: =IF(COUNTA(O25:Q25)<3,"",IF(AND(O25=P25,P25=Q25),O25,IF(O25=P25,O25,IF(O25=Q25,O25,IF(P25=Q25,P25,"판정 불능"))))) | Y25: =IF(COUNTA(O25:Q25)<3,"",IF(AND(O25=P25,P25=Q25),"3/3",IF(OR(O25=P25,O25=Q25,P25=Q25),"2/3","0/3")))
A26: 25 | B26: W4400065264 | C26: Following Length Constraints in Instructions | D26: custom | E26: 49.3 | F26: A | G26: 13.092 | H26: 10.723 | I26: 15.461 | J26: 802 | K26: 0 | M26: 편차 | X26: =IF(COUNTA(O26:Q26)<3,"",IF(AND(O26=P26,P26=Q26),O26,IF(O26=P26,O26,IF(O26=Q26,O26,IF(P26=Q26,P26,"판정 불능"))))) | Y26: =IF(COUNTA(O26:Q26)<3,"",IF(AND(O26=P26,P26=Q26),"3/3",IF(OR(O26=P26,O26=Q26,P26=Q26),"2/3","0/3")))
A27: 26 | B27: W4400065264 | C27: Following Length Constraints in Instructions | D27: custom | E27: 49.3 | F27: B | G27: 12.968 | H27: 10.599 | I27: 15.337 | J27: 802 | K27: 0 | M27: 편차 | X27: =IF(COUNTA(O27:Q27)<3,"",IF(AND(O27=P27,P27=Q27),O27,IF(O27=P27,O27,IF(O27=Q27,O27,IF(P27=Q27,P27,"판정 불능"))))) | Y27: =IF(COUNTA(O27:Q27)<3,"",IF(AND(O27=P27,P27=Q27),"3/3",IF(OR(O27=P27,O27=Q27,P27=Q27),"2/3","0/3")))
A28: 27 | B28: W4400065264 | C28: Following Length Constraints in Instructions | D28: custom | E28: 49.3 | F28: C | G28: 53.366584 | H28: 49.875312 | I28: 56.857855 | J28: 802 | K28: 0 | M28: 근접 | X28: =IF(COUNTA(O28:Q28)<3,"",IF(AND(O28=P28,P28=Q28),O28,IF(O28=P28,O28,IF(O28=Q28,O28,IF(P28=Q28,P28,"판정 불능"))))) | Y28: =IF(COUNTA(O28:Q28)<3,"",IF(AND(O28=P28,P28=Q28),"3/3",IF(OR(O28=P28,O28=Q28,P28=Q28),"2/3","0/3")))
A29: 28 | B29: W4400065264 | C29: Following Length Constraints in Instructions | D29: custom | E29: 49.3 | F29: D | G29: 0.623 | H29: 0.125 | I29: 1.247 | J29: 802 | K29: 0 | M29: 편차 | X29: =IF(COUNTA(O29:Q29)<3,"",IF(AND(O29=P29,P29=Q29),O29,IF(O29=P29,O29,IF(O29=Q29,O29,IF(P29=Q29,P29,"판정 불능"))))) | Y29: =IF(COUNTA(O29:Q29)<3,"",IF(AND(O29=P29,P29=Q29),"3/3",IF(OR(O29=P29,O29=Q29,P29=Q29),"2/3","0/3")))
A30: 29 | B30: W4400065264 | C30: Following Length Constraints in Instructions | D30: custom | E30: 49.3 | F30: E | G30: 8.105 | H30: 6.234 | I30: 10.1 | J30: 802 | K30: 0 | M30: 편차 | X30: =IF(COUNTA(O30:Q30)<3,"",IF(AND(O30=P30,P30=Q30),O30,IF(O30=P30,O30,IF(O30=Q30,O30,IF(P30=Q30,P30,"판정 불능"))))) | Y30: =IF(COUNTA(O30:Q30)<3,"",IF(AND(O30=P30,P30=Q30),"3/3",IF(OR(O30=P30,O30=Q30,P30=Q30),"2/3","0/3")))
A31: 30 | B31: W4400375186 | C31: CEB: Compositional Evaluation Benchmark for Fairness | D31: micro_f1 | E31: 69.5 | F31: A | G31: 68 | H31: 61 | I31: 74.5 | J31: 200 | K31: 0 | M31: 재현 | X31: =IF(COUNTA(O31:Q31)<3,"",IF(AND(O31=P31,P31=Q31),O31,IF(O31=P31,O31,IF(O31=Q31,O31,IF(P31=Q31,P31,"판정 불능"))))) | Y31: =IF(COUNTA(O31:Q31)<3,"",IF(AND(O31=P31,P31=Q31),"3/3",IF(OR(O31=P31,O31=Q31,P31=Q31),"2/3","0/3")))
A32: 31 | B32: W4400375186 | C32: CEB: Compositional Evaluation Benchmark for Fairness | D32: micro_f1 | E32: 69.5 | F32: B | G32: 83 | H32: 77.5 | I32: 88.5 | J32: 200 | K32: 0 | M32: 편차 | X32: =IF(COUNTA(O32:Q32)<3,"",IF(AND(O32=P32,P32=Q32),O32,IF(O32=P32,O32,IF(O32=Q32,O32,IF(P32=Q32,P32,"판정 불능"))))) | Y32: =IF(COUNTA(O32:Q32)<3,"",IF(AND(O32=P32,P32=Q32),"3/3",IF(OR(O32=P32,O32=Q32,P32=Q32),"2/3","0/3")))
A33: 32 | B33: W4400375186 | C33: CEB: Compositional Evaluation Benchmark for Fairness | D33: micro_f1 | E33: 69.5 | F33: C | G33: 94.118 | H33: 90.441 | I33: 97.794 | J33: 136 | K33: 0 | L33: 예 | M33: 편차 | X33: =IF(COUNTA(O33:Q33)<3,"",IF(AND(O33=P33,P33=Q33),O33,IF(O33=P33,O33,IF(O33=Q33,O33,IF(P33=Q33,P33,"판정 불능"))))) | Y33: =IF(COUNTA(O33:Q33)<3,"",IF(AND(O33=P33,P33=Q33),"3/3",IF(OR(O33=P33,O33=Q33,P33=Q33),"2/3","0/3")))
A34: 33 | B34: W4400434899 | C34: Are Large Language Models Strategic Decision Makers? | D34: accuracy | E34: 25.5 | F34: A | G34: 26.208333 | H34: 23.5 | I34: 29.375 | J34: 800 | K34: 0 | M34: 재현 | X34: =IF(COUNTA(O34:Q34)<3,"",IF(AND(O34=P34,P34=Q34),O34,IF(O34=P34,O34,IF(O34=Q34,O34,IF(P34=Q34,P34,"판정 불능"))))) | Y34: =IF(COUNTA(O34:Q34)<3,"",IF(AND(O34=P34,P34=Q34),"3/3",IF(OR(O34=P34,O34=Q34,P34=Q34),"2/3","0/3")))
A35: 34 | B35: W4400434899 | C35: Are Large Language Models Strategic Decision Makers? | D35: accuracy | E35: 25.5 | F35: B | G35: 37.856 | H35: 34.328 | I35: 41.52 | J35: 737 | K35: 0 | L35: 예 | M35: 편차 | X35: =IF(COUNTA(O35:Q35)<3,"",IF(AND(O35=P35,P35=Q35),O35,IF(O35=P35,O35,IF(O35=Q35,O35,IF(P35=Q35,P35,"판정 불능"))))) | Y35: =IF(COUNTA(O35:Q35)<3,"",IF(AND(O35=P35,P35=Q35),"3/3",IF(OR(O35=P35,O35=Q35,P35=Q35),"2/3","0/3")))
A36: 35 | B36: W4400434899 | C36: Are Large Language Models Strategic Decision Makers? | D36: accuracy | E36: 25.5 | F36: C | G36: 50 | H36: 46.5 | I36: 53.625 | J36: 800 | K36: 0 | M36: 편차 | X36: =IF(COUNTA(O36:Q36)<3,"",IF(AND(O36=P36,P36=Q36),O36,IF(O36=P36,O36,IF(O36=Q36,O36,IF(P36=Q36,P36,"판정 불능"))))) | Y36: =IF(COUNTA(O36:Q36)<3,"",IF(AND(O36=P36,P36=Q36),"3/3",IF(OR(O36=P36,O36=Q36,P36=Q36),"2/3","0/3")))
A37: 36 | B37: W4400434899 | C37: Are Large Language Models Strategic Decision Makers? | D37: accuracy | E37: 25.5 | F37: D | G37: 50.552 | H37: 46.958 | I37: 54.282 | J37: 724 | K37: 0 | L37: 예 | M37: 편차 | X37: =IF(COUNTA(O37:Q37)<3,"",IF(AND(O37=P37,P37=Q37),O37,IF(O37=P37,O37,IF(O37=Q37,O37,IF(P37=Q37,P37,"판정 불능"))))) | Y37: =IF(COUNTA(O37:Q37)<3,"",IF(AND(O37=P37,P37=Q37),"3/3",IF(OR(O37=P37,O37=Q37,P37=Q37),"2/3","0/3")))
A38: 37 | B38: W4400434899 | C38: Are Large Language Models Strategic Decision Makers? | D38: accuracy | E38: 25.5 | F38: E | G38: 50 | H38: 46.625 | I38: 53.25 | J38: 800 | K38: 0 | M38: 편차 | X38: =IF(COUNTA(O38:Q38)<3,"",IF(AND(O38=P38,P38=Q38),O38,IF(O38=P38,O38,IF(O38=Q38,O38,IF(P38=Q38,P38,"판정 불능"))))) | Y38: =IF(COUNTA(O38:Q38)<3,"",IF(AND(O38=P38,P38=Q38),"3/3",IF(OR(O38=P38,O38=Q38,P38=Q38),"2/3","0/3")))
A39: 38 | B39: W4400611869 | C39: Lynx: An Open Source Hallucination Evaluation Model | D39: accuracy | E39: 82.2 | F39: A | G39: 88.283 | H39: 86.361 | I39: 90.303 | J39: 990 | K39: 1 | L39: 예 | M39: 편차 | X39: =IF(COUNTA(O39:Q39)<3,"",IF(AND(O39=P39,P39=Q39),O39,IF(O39=P39,O39,IF(O39=Q39,O39,IF(P39=Q39,P39,"판정 불능"))))) | Y39: =IF(COUNTA(O39:Q39)<3,"",IF(AND(O39=P39,P39=Q39),"3/3",IF(OR(O39=P39,O39=Q39,P39=Q39),"2/3","0/3")))
A40: 39 | B40: W4400611869 | C40: Lynx: An Open Source Hallucination Evaluation Model | D40: accuracy | E40: 82.2 | F40: B | G40: 90.784 | H40: 88.431 | I40: 93.333 | J40: 510 | K40: 0 | L40: 예 | M40: 편차 | X40: =IF(COUNTA(O40:Q40)<3,"",IF(AND(O40=P40,P40=Q40),O40,IF(O40=P40,O40,IF(O40=Q40,O40,IF(P40=Q40,P40,"판정 불능"))))) | Y40: =IF(COUNTA(O40:Q40)<3,"",IF(AND(O40=P40,P40=Q40),"3/3",IF(OR(O40=P40,O40=Q40,P40=Q40),"2/3","0/3")))
A41: 40 | B41: W4400611869 | C41: Lynx: An Open Source Hallucination Evaluation Model | D41: accuracy | E41: 82.2 | F41: C | G41: 83.434959 | H41: 79.268293 | I41: 87.195122 | J41: 328 | K41: 0 | L41: 예 | M41: 재현 | X41: =IF(COUNTA(O41:Q41)<3,"",IF(AND(O41=P41,P41=Q41),O41,IF(O41=P41,O41,IF(O41=Q41,O41,IF(P41=Q41,P41,"판정 불능"))))) | Y41: =IF(COUNTA(O41:Q41)<3,"",IF(AND(O41=P41,P41=Q41),"3/3",IF(OR(O41=P41,O41=Q41,P41=Q41),"2/3","0/3")))
A42: 41 | B42: W4400611869 | C42: Lynx: An Open Source Hallucination Evaluation Model | D42: accuracy | E42: 82.2 | F42: D | G42: 72.324 | H42: 69.297 | I42: 75.243 | J42: 925 | K42: 23 | L42: 예 | M42: 편차 | X42: =IF(COUNTA(O42:Q42)<3,"",IF(AND(O42=P42,P42=Q42),O42,IF(O42=P42,O42,IF(O42=Q42,O42,IF(P42=Q42,P42,"판정 불능"))))) | Y42: =IF(COUNTA(O42:Q42)<3,"",IF(AND(O42=P42,P42=Q42),"3/3",IF(OR(O42=P42,O42=Q42,P42=Q42),"2/3","0/3")))
A43: 42 | B43: W4400611869 | C43: Lynx: An Open Source Hallucination Evaluation Model | D43: accuracy | E43: 82.2 | F43: E | G43: 83.212 | H43: 79.562 | I43: 86.861 | J43: 411 | K43: 1 | L43: 예 | M43: 재현 | X43: =IF(COUNTA(O43:Q43)<3,"",IF(AND(O43=P43,P43=Q43),O43,IF(O43=P43,O43,IF(O43=Q43,O43,IF(P43=Q43,P43,"판정 불능"))))) | Y43: =IF(COUNTA(O43:Q43)<3,"",IF(AND(O43=P43,P43=Q43),"3/3",IF(OR(O43=P43,O43=Q43,P43=Q43),"2/3","0/3")))
A44: 43 | B44: W4401545735 | C44: Designing Heterogeneous LLM Agents for Financial Sen | D44: accuracy | E44: 74.57 | F44: A | G44: 79.638 | H44: 77.871 | I44: 81.272 | J44: 2264 | K44: 8 | M44: 편차 | X44: =IF(COUNTA(O44:Q44)<3,"",IF(AND(O44=P44,P44=Q44),O44,IF(O44=P44,O44,IF(O44=Q44,O44,IF(P44=Q44,P44,"판정 불능"))))) | Y44: =IF(COUNTA(O44:Q44)<3,"",IF(AND(O44=P44,P44=Q44),"3/3",IF(OR(O44=P44,O44=Q44,P44=Q44),"2/3","0/3")))
A45: 44 | B45: W4401545735 | C45: Designing Heterogeneous LLM Agents for Financial Sen | D45: accuracy | E45: 74.57 | F45: B | G45: 91.299 | H45: 90.15 | I45: 92.447 | J45: 2264 | K45: 1 | M45: 편차 | X45: =IF(COUNTA(O45:Q45)<3,"",IF(AND(O45=P45,P45=Q45),O45,IF(O45=P45,O45,IF(O45=Q45,O45,IF(P45=Q45,P45,"판정 불능"))))) | Y45: =IF(COUNTA(O45:Q45)<3,"",IF(AND(O45=P45,P45=Q45),"3/3",IF(OR(O45=P45,O45=Q45,P45=Q45),"2/3","0/3")))
A46: 45 | B46: W4401545735 | C46: Designing Heterogeneous LLM Agents for Financial Sen | D46: accuracy | E46: 74.57 | F46: C | G46: 91.593051 | H46: 90.503534 | I46: 92.757288 | J46: 2264 | K46: 22 | M46: 편차 | X46: =IF(COUNTA(O46:Q46)<3,"",IF(AND(O46=P46,P46=Q46),O46,IF(O46=P46,O46,IF(O46=Q46,O46,IF(P46=Q46,P46,"판정 불능"))))) | Y46: =IF(COUNTA(O46:Q46)<3,"",IF(AND(O46=P46,P46=Q46),"3/3",IF(OR(O46=P46,O46=Q46,P46=Q46),"2/3","0/3")))
A47: 46 | B47: W4401545735 | C47: Designing Heterogeneous LLM Agents for Financial Sen | D47: accuracy | E47: 74.57 | F47: D | G47: 91.418 | H47: 90.114 | I47: 92.613 | J47: 1841 | K47: 0 | L47: 예 | M47: 편차 | X47: =IF(COUNTA(O47:Q47)<3,"",IF(AND(O47=P47,P47=Q47),O47,IF(O47=P47,O47,IF(O47=Q47,O47,IF(P47=Q47,P47,"판정 불능"))))) | Y47: =IF(COUNTA(O47:Q47)<3,"",IF(AND(O47=P47,P47=Q47),"3/3",IF(OR(O47=P47,O47=Q47,P47=Q47),"2/3","0/3")))
A48: 47 | B48: W4401545735 | C48: Designing Heterogeneous LLM Agents for Financial Sen | D48: accuracy | E48: 74.57 | F48: E | G48: 95.671 | H48: 94.832 | I48: 96.511 | J48: 2264 | K48: 2 | M48: 편차 | X48: =IF(COUNTA(O48:Q48)<3,"",IF(AND(O48=P48,P48=Q48),O48,IF(O48=P48,O48,IF(O48=Q48,O48,IF(P48=Q48,P48,"판정 불능"))))) | Y48: =IF(COUNTA(O48:Q48)<3,"",IF(AND(O48=P48,P48=Q48),"3/3",IF(OR(O48=P48,O48=Q48,P48=Q48),"2/3","0/3")))
A49: 48 | B49: W4402345509 | C49: LAB-Bench: Measuring Capabilities of Language Models | D49: accuracy | E49: 0.12 | F49: A | G49: 0.538 | H49: 0.455 | I49: 0.615 | J49: 143 | K49: 0 | L49: 예 | M49: 편차 | X49: =IF(COUNTA(O49:Q49)<3,"",IF(AND(O49=P49,P49=Q49),O49,IF(O49=P49,O49,IF(O49=Q49,O49,IF(P49=Q49,P49,"판정 불능"))))) | Y49: =IF(COUNTA(O49:Q49)<3,"",IF(AND(O49=P49,P49=Q49),"3/3",IF(OR(O49=P49,O49=Q49,P49=Q49),"2/3","0/3")))
A50: 49 | B50: W4402345509 | C50: LAB-Bench: Measuring Capabilities of Language Models | D50: accuracy | E50: 0.12 | F50: B | G50: 0.13065327 | H50: 0.090452261 | I50: 0.18592965 | J50: 199 | K50: 0 | M50: 재현 | X50: =IF(COUNTA(O50:Q50)<3,"",IF(AND(O50=P50,P50=Q50),O50,IF(O50=P50,O50,IF(O50=Q50,O50,IF(P50=Q50,P50,"판정 불능"))))) | Y50: =IF(COUNTA(O50:Q50)<3,"",IF(AND(O50=P50,P50=Q50),"3/3",IF(OR(O50=P50,O50=Q50,P50=Q50),"2/3","0/3")))
A51: 50 | B51: W4402345509 | C51: LAB-Bench: Measuring Capabilities of Language Models | D51: accuracy | E51: 0.12 | F51: C | G51: 0.492 | H51: 0.422 | I51: 0.558 | J51: 199 | K51: 2 | M51: 편차 | X51: =IF(COUNTA(O51:Q51)<3,"",IF(AND(O51=P51,P51=Q51),O51,IF(O51=P51,O51,IF(O51=Q51,O51,IF(P51=Q51,P51,"판정 불능"))))) | Y51: =IF(COUNTA(O51:Q51)<3,"",IF(AND(O51=P51,P51=Q51),"3/3",IF(OR(O51=P51,O51=Q51,P51=Q51),"2/3","0/3")))
A52: 51 | B52: W4402345509 | C52: LAB-Bench: Measuring Capabilities of Language Models | D52: accuracy | E52: 0.12 | F52: D | G52: 0.322 | H52: 0.256 | I52: 0.387 | J52: 199 | K52: 0 | M52: 편차 | X52: =IF(COUNTA(O52:Q52)<3,"",IF(AND(O52=P52,P52=Q52),O52,IF(O52=P52,O52,IF(O52=Q52,O52,IF(P52=Q52,P52,"판정 불능"))))) | Y52: =IF(COUNTA(O52:Q52)<3,"",IF(AND(O52=P52,P52=Q52),"3/3",IF(OR(O52=P52,O52=Q52,P52=Q52),"2/3","0/3")))
A53: 52 | B53: W4402345509 | C53: LAB-Bench: Measuring Capabilities of Language Models | D53: accuracy | E53: 0.12 | F53: E | G53: 0.392 | H53: 0.322 | I53: 0.462 | J53: 199 | K53: 0 | M53: 편차 | X53: =IF(COUNTA(O53:Q53)<3,"",IF(AND(O53=P53,P53=Q53),O53,IF(O53=P53,O53,IF(O53=Q53,O53,IF(P53=Q53,P53,"판정 불능"))))) | Y53: =IF(COUNTA(O53:Q53)<3,"",IF(AND(O53=P53,P53=Q53),"3/3",IF(OR(O53=P53,O53=Q53,P53=Q53),"2/3","0/3")))
A54: 53 | B54: W4403370432 | C54: An Evaluation of Requirements Modeling for Cyber-Phy | D54: custom | E54: 48 | F54: A | G54: 50.793 | H54: 48.796 | I54: 52.917 | J54: 1135 | K54: 0 | L54: 예 | M54: 근접 | X54: =IF(COUNTA(O54:Q54)<3,"",IF(AND(O54=P54,P54=Q54),O54,IF(O54=P54,O54,IF(O54=Q54,O54,IF(P54=Q54,P54,"판정 불능"))))) | Y54: =IF(COUNTA(O54:Q54)<3,"",IF(AND(O54=P54,P54=Q54),"3/3",IF(OR(O54=P54,O54=Q54,P54=Q54),"2/3","0/3")))
A55: 54 | B55: W4403370432 | C55: An Evaluation of Requirements Modeling for Cyber-Phy | D55: custom | E55: 48 | F55: B | G55: 47.45 | H55: 45.507 | I55: 49.421 | J55: 1391 | K55: 0 | M55: 재현 | X55: =IF(COUNTA(O55:Q55)<3,"",IF(AND(O55=P55,P55=Q55),O55,IF(O55=P55,O55,IF(O55=Q55,O55,IF(P55=Q55,P55,"판정 불능"))))) | Y55: =IF(COUNTA(O55:Q55)<3,"",IF(AND(O55=P55,P55=Q55),"3/3",IF(OR(O55=P55,O55=Q55,P55=Q55),"2/3","0/3")))
A56: 55 | B56: W4403370432 | C56: An Evaluation of Requirements Modeling for Cyber-Phy | D56: custom | E56: 48 | F56: C | G56: 48.588392 | H56: 46.420074 | I56: 50.401659 | J56: 1383 | K56: 0 | L56: 예 | M56: 재현 | X56: =IF(COUNTA(O56:Q56)<3,"",IF(AND(O56=P56,P56=Q56),O56,IF(O56=P56,O56,IF(O56=Q56,O56,IF(P56=Q56,P56,"판정 불능"))))) | Y56: =IF(COUNTA(O56:Q56)<3,"",IF(AND(O56=P56,P56=Q56),"3/3",IF(OR(O56=P56,O56=Q56,P56=Q56),"2/3","0/3")))
A57: 56 | B57: W4403370432 | C57: An Evaluation of Requirements Modeling for Cyber-Phy | D57: custom | E57: 48 | F57: D | G57: 50.468 | H57: 48.354 | I57: 52.478 | J57: 1391 | K57: 1 | M57: 근접 | X57: =IF(COUNTA(O57:Q57)<3,"",IF(AND(O57=P57,P57=Q57),O57,IF(O57=P57,O57,IF(O57=Q57,O57,IF(P57=Q57,P57,"판정 불능"))))) | Y57: =IF(COUNTA(O57:Q57)<3,"",IF(AND(O57=P57,P57=Q57),"3/3",IF(OR(O57=P57,O57=Q57,P57=Q57),"2/3","0/3")))
A58: 57 | B58: W4403370432 | C58: An Evaluation of Requirements Modeling for Cyber-Phy | D58: custom | E58: 48 | F58: E | G58: 47.736 | H58: 45.725 | I58: 49.896 | J58: 1391 | K58: 0 | M58: 재현 | X58: =IF(COUNTA(O58:Q58)<3,"",IF(AND(O58=P58,P58=Q58),O58,IF(O58=P58,O58,IF(O58=Q58,O58,IF(P58=Q58,P58,"판정 불능"))))) | Y58: =IF(COUNTA(O58:Q58)<3,"",IF(AND(O58=P58,P58=Q58),"3/3",IF(OR(O58=P58,O58=Q58,P58=Q58),"2/3","0/3")))
A59: 58 | B59: W4403443823 | C59: Science is Exploration: Computational Frontiers for | D59: custom | E59: 74.8 | F59: A | G59: 71.482459 | H59: 69.859135 | I59: 73.192392 | J59: 3737 | K59: 0 | M59: 근접 | X59: =IF(COUNTA(O59:Q59)<3,"",IF(AND(O59=P59,P59=Q59),O59,IF(O59=P59,O59,IF(O59=Q59,O59,IF(P59=Q59,P59,"판정 불능"))))) | Y59: =IF(COUNTA(O59:Q59)<3,"",IF(AND(O59=P59,P59=Q59),"3/3",IF(OR(O59=P59,O59=Q59,P59=Q59),"2/3","0/3")))
A60: 59 | B60: W4403556032 | C60: Enhancing Healthcare LLM Trust with Atypical Present | D60: accuracy | E60: 0.751 | F60: A | G60: 0.423 | H60: 0.395 | I60: 0.45 | J60: 1272 | K60: 704 | M60: 확인 필요 | X60: =IF(COUNTA(O60:Q60)<3,"",IF(AND(O60=P60,P60=Q60),O60,IF(O60=P60,O60,IF(O60=Q60,O60,IF(P60=Q60,P60,"판정 불능"))))) | Y60: =IF(COUNTA(O60:Q60)<3,"",IF(AND(O60=P60,P60=Q60),"3/3",IF(OR(O60=P60,O60=Q60,P60=Q60),"2/3","0/3")))
A61: 60 | B61: W4403556032 | C61: Enhancing Healthcare LLM Trust with Atypical Present | D61: accuracy | E61: 0.751 | F61: B | G61: 0.8110587 | H61: 0.79481132 | I61: 0.83647799 | J61: 1272 | K61: 32 | M61: 편차 | X61: =IF(COUNTA(O61:Q61)<3,"",IF(AND(O61=P61,P61=Q61),O61,IF(O61=P61,O61,IF(O61=Q61,O61,IF(P61=Q61,P61,"판정 불능"))))) | Y61: =IF(COUNTA(O61:Q61)<3,"",IF(AND(O61=P61,P61=Q61),"3/3",IF(OR(O61=P61,O61=Q61,P61=Q61),"2/3","0/3")))
A62: 61 | B62: W4403556032 | C62: Enhancing Healthcare LLM Trust with Atypical Present | D62: accuracy | E62: 0.751 | F62: C | G62: 0.949 | H62: 0.936 | I62: 0.961 | J62: 1272 | K62: 24 | M62: 편차 | X62: =IF(COUNTA(O62:Q62)<3,"",IF(AND(O62=P62,P62=Q62),O62,IF(O62=P62,O62,IF(O62=Q62,O62,IF(P62=Q62,P62,"판정 불능"))))) | Y62: =IF(COUNTA(O62:Q62)<3,"",IF(AND(O62=P62,P62=Q62),"3/3",IF(OR(O62=P62,O62=Q62,P62=Q62),"2/3","0/3")))
A63: 62 | B63: W4403556032 | C63: Enhancing Healthcare LLM Trust with Atypical Present | D63: accuracy | E63: 0.751 | F63: D | G63: 0.35 | H63: 0.324 | I63: 0.377 | J63: 1213 | K63: 774 | L63: 예 | M63: 확인 필요 | X63: =IF(COUNTA(O63:Q63)<3,"",IF(AND(O63=P63,P63=Q63),O63,IF(O63=P63,O63,IF(O63=Q63,O63,IF(P63=Q63,P63,"판정 불능"))))) | Y63: =IF(COUNTA(O63:Q63)<3,"",IF(AND(O63=P63,P63=Q63),"3/3",IF(OR(O63=P63,O63=Q63,P63=Q63),"2/3","0/3")))
A64: 63 | B64: W4403570177 | C64: RMB: Comprehensively Benchmarking Reward Models in L | D64: accuracy | E64: 0.815 | F64: A | G64: 0.79190365 | H64: 0.77751756 | I64: 0.80662429 | J64: 2989 | K64: 0 | L64: 예 | M64: 근접 | X64: =IF(COUNTA(O64:Q64)<3,"",IF(AND(O64=P64,P64=Q64),O64,IF(O64=P64,O64,IF(O64=Q64,O64,IF(P64=Q64,P64,"판정 불능"))))) | Y64: =IF(COUNTA(O64:Q64)<3,"",IF(AND(O64=P64,P64=Q64),"3/3",IF(OR(O64=P64,O64=Q64,P64=Q64),"2/3","0/3")))
A65: 64 | B65: W4403574994 | C65: Measuring Spiritual Values and Bias of Large Languag | D65: custom | E65: 52.97 | F65: A | G65: 52.542 | H65: 38.151 | I65: 68.988 | J65: 133 | K65: 0 | M65: 재현 | X65: =IF(COUNTA(O65:Q65)<3,"",IF(AND(O65=P65,P65=Q65),O65,IF(O65=P65,O65,IF(O65=Q65,O65,IF(P65=Q65,P65,"판정 불능"))))) | Y65: =IF(COUNTA(O65:Q65)<3,"",IF(AND(O65=P65,P65=Q65),"3/3",IF(OR(O65=P65,O65=Q65,P65=Q65),"2/3","0/3")))
A66: 65 | B66: W4403574994 | C66: Measuring Spiritual Values and Bias of Large Languag | D66: custom | E66: 52.97 | F66: B | G66: 50.212 | H66: 50 | I66: 50.774 | J66: 133 | K66: 2 | M66: 근접 | X66: =IF(COUNTA(O66:Q66)<3,"",IF(AND(O66=P66,P66=Q66),O66,IF(O66=P66,O66,IF(O66=Q66,O66,IF(P66=Q66,P66,"판정 불능"))))) | Y66: =IF(COUNTA(O66:Q66)<3,"",IF(AND(O66=P66,P66=Q66),"3/3",IF(OR(O66=P66,O66=Q66,P66=Q66),"2/3","0/3")))
A67: 66 | B67: W4403574994 | C67: Measuring Spiritual Values and Bias of Large Languag | D67: custom | E67: 52.97 | F67: C | G67: 57.301 | H67: 32.731 | I67: 76.638 | J67: 133 | K67: 0 | M67: 재현 | X67: =IF(COUNTA(O67:Q67)<3,"",IF(AND(O67=P67,P67=Q67),O67,IF(O67=P67,O67,IF(O67=Q67,O67,IF(P67=Q67,P67,"판정 불능"))))) | Y67: =IF(COUNTA(O67:Q67)<3,"",IF(AND(O67=P67,P67=Q67),"3/3",IF(OR(O67=P67,O67=Q67,P67=Q67),"2/3","0/3")))
A68: 67 | B68: W4403574994 | C68: Measuring Spiritual Values and Bias of Large Languag | D68: custom | E68: 52.97 | F68: D | G68: 46.268312 | H68: 33.704838 | I68: 64.881607 | J68: 133 | K68: 2 | M68: 재현 | N68: 예 | X68: =IF(COUNTA(O68:Q68)<3,"",IF(AND(O68=P68,P68=Q68),O68,IF(O68=P68,O68,IF(O68=Q68,O68,IF(P68=Q68,P68,"판정 불능"))))) | Y68: =IF(COUNTA(O68:Q68)<3,"",IF(AND(O68=P68,P68=Q68),"3/3",IF(OR(O68=P68,O68=Q68,P68=Q68),"2/3","0/3")))
A69: 68 | B69: W4403574994 | C69: Measuring Spiritual Values and Bias of Large Languag | D69: custom | E69: 52.97 | F69: E | G69: 55.72 | H69: 40.597 | I69: 70.651 | J69: 133 | K69: 0 | M69: 재현 | X69: =IF(COUNTA(O69:Q69)<3,"",IF(AND(O69=P69,P69=Q69),O69,IF(O69=P69,O69,IF(O69=Q69,O69,IF(P69=Q69,P69,"판정 불능"))))) | Y69: =IF(COUNTA(O69:Q69)<3,"",IF(AND(O69=P69,P69=Q69),"3/3",IF(OR(O69=P69,O69=Q69,P69=Q69),"2/3","0/3")))
A70: 69 | B70: W4403580619 | C70: Evaluating Gender Bias of LLMs in Making Morality Ju | D70: custom | E70: 0.1773 | F70: A | G70: 0.224 | H70: 0.197 | I70: 0.25 | J70: 1816 | K70: 0 | M70: 근접 | X70: =IF(COUNTA(O70:Q70)<3,"",IF(AND(O70=P70,P70=Q70),O70,IF(O70=P70,O70,IF(O70=Q70,O70,IF(P70=Q70,P70,"판정 불능"))))) | Y70: =IF(COUNTA(O70:Q70)<3,"",IF(AND(O70=P70,P70=Q70),"3/3",IF(OR(O70=P70,O70=Q70,P70=Q70),"2/3","0/3")))
A71: 70 | B71: W4403580619 | C71: Evaluating Gender Bias of LLMs in Making Morality Ju | D71: custom | E71: 0.1773 | F71: B | G71: 0.215 | H71: 0.189 | I71: 0.24 | J71: 1816 | K71: 0 | M71: 근접 | X71: =IF(COUNTA(O71:Q71)<3,"",IF(AND(O71=P71,P71=Q71),O71,IF(O71=P71,O71,IF(O71=Q71,O71,IF(P71=Q71,P71,"판정 불능"))))) | Y71: =IF(COUNTA(O71:Q71)<3,"",IF(AND(O71=P71,P71=Q71),"3/3",IF(OR(O71=P71,O71=Q71,P71=Q71),"2/3","0/3")))
A72: 71 | B72: W4403580619 | C72: Evaluating Gender Bias of LLMs in Making Morality Ju | D72: custom | E72: 0.1773 | F72: C | G72: 0.17033774 | H72: 0.14977974 | I72: 0.19713656 | J72: 1816 | K72: 0 | M72: 재현 | X72: =IF(COUNTA(O72:Q72)<3,"",IF(AND(O72=P72,P72=Q72),O72,IF(O72=P72,O72,IF(O72=Q72,O72,IF(P72=Q72,P72,"판정 불능"))))) | Y72: =IF(COUNTA(O72:Q72)<3,"",IF(AND(O72=P72,P72=Q72),"3/3",IF(OR(O72=P72,O72=Q72,P72=Q72),"2/3","0/3")))
A73: 72 | B73: W4403758464 | C73: LLMs Still Can't Plan; Can LRMs? A Preliminary Evalu | D73: accuracy | E73: 40.1 | F73: A | G73: 99.5 | H73: 98.833 | I73: 100 | J73: 600 | K73: 0 | M73: 편차 | X73: =IF(COUNTA(O73:Q73)<3,"",IF(AND(O73=P73,P73=Q73),O73,IF(O73=P73,O73,IF(O73=Q73,O73,IF(P73=Q73,P73,"판정 불능"))))) | Y73: =IF(COUNTA(O73:Q73)<3,"",IF(AND(O73=P73,P73=Q73),"3/3",IF(OR(O73=P73,O73=Q73,P73=Q73),"2/3","0/3")))
A74: 73 | B74: W4403758464 | C74: LLMs Still Can't Plan; Can LRMs? A Preliminary Evalu | D74: accuracy | E74: 40.1 | F74: B | G74: 36.333 | H74: 32.667 | I74: 40.171 | J74: 600 | K74: 0 | M74: 재현 | X74: =IF(COUNTA(O74:Q74)<3,"",IF(AND(O74=P74,P74=Q74),O74,IF(O74=P74,O74,IF(O74=Q74,O74,IF(P74=Q74,P74,"판정 불능"))))) | Y74: =IF(COUNTA(O74:Q74)<3,"",IF(AND(O74=P74,P74=Q74),"3/3",IF(OR(O74=P74,O74=Q74,P74=Q74),"2/3","0/3")))
A75: 74 | B75: W4403758464 | C75: LLMs Still Can't Plan; Can LRMs? A Preliminary Evalu | D75: accuracy | E75: 40.1 | F75: C | G75: 100 | H75: 100 | I75: 100 | J75: 600 | K75: 0 | M75: 편차 | X75: =IF(COUNTA(O75:Q75)<3,"",IF(AND(O75=P75,P75=Q75),O75,IF(O75=P75,O75,IF(O75=Q75,O75,IF(P75=Q75,P75,"판정 불능"))))) | Y75: =IF(COUNTA(O75:Q75)<3,"",IF(AND(O75=P75,P75=Q75),"3/3",IF(OR(O75=P75,O75=Q75,P75=Q75),"2/3","0/3")))
A76: 75 | B76: W4403758464 | C76: LLMs Still Can't Plan; Can LRMs? A Preliminary Evalu | D76: accuracy | E76: 40.1 | F76: D | G76: 35.888889 | H76: 32 | I76: 39.504167 | J76: 600 | K76: 0 | M76: 근접 | X76: =IF(COUNTA(O76:Q76)<3,"",IF(AND(O76=P76,P76=Q76),O76,IF(O76=P76,O76,IF(O76=Q76,O76,IF(P76=Q76,P76,"판정 불능"))))) | Y76: =IF(COUNTA(O76:Q76)<3,"",IF(AND(O76=P76,P76=Q76),"3/3",IF(OR(O76=P76,O76=Q76,P76=Q76),"2/3","0/3")))
A77: 76 | B77: W4403758464 | C77: LLMs Still Can't Plan; Can LRMs? A Preliminary Evalu | D77: accuracy | E77: 40.1 | F77: E | G77: 60.333 | H77: 56.5 | I77: 64.337 | J77: 600 | K77: 0 | M77: 편차 | X77: =IF(COUNTA(O77:Q77)<3,"",IF(AND(O77=P77,P77=Q77),O77,IF(O77=P77,O77,IF(O77=Q77,O77,IF(P77=Q77,P77,"판정 불능"))))) | Y77: =IF(COUNTA(O77:Q77)<3,"",IF(AND(O77=P77,P77=Q77),"3/3",IF(OR(O77=P77,O77=Q77,P77=Q77),"2/3","0/3")))
A78: 77 | B78: W4403786592 | C78: A Comprehensive Evaluation of Large Language Models | D78: custom | E78: 39.6 | F78: A | G78: 37.8 | H78: 34.8 | I78: 40.9 | J78: 1000 | K78: 0 | M78: 재현 | X78: =IF(COUNTA(O78:Q78)<3,"",IF(AND(O78=P78,P78=Q78),O78,IF(O78=P78,O78,IF(O78=Q78,O78,IF(P78=Q78,P78,"판정 불능"))))) | Y78: =IF(COUNTA(O78:Q78)<3,"",IF(AND(O78=P78,P78=Q78),"3/3",IF(OR(O78=P78,O78=Q78,P78=Q78),"2/3","0/3")))
A79: 78 | B79: W4403786592 | C79: A Comprehensive Evaluation of Large Language Models | D79: custom | E79: 39.6 | F79: B | G79: 38.166667 | H79: 35.4 | I79: 41.6 | J79: 1000 | K79: 0 | M79: 재현 | X79: =IF(COUNTA(O79:Q79)<3,"",IF(AND(O79=P79,P79=Q79),O79,IF(O79=P79,O79,IF(O79=Q79,O79,IF(P79=Q79,P79,"판정 불능"))))) | Y79: =IF(COUNTA(O79:Q79)<3,"",IF(AND(O79=P79,P79=Q79),"3/3",IF(OR(O79=P79,O79=Q79,P79=Q79),"2/3","0/3")))
A80: 79 | B80: W4403786592 | C80: A Comprehensive Evaluation of Large Language Models | D80: custom | E80: 39.6 | F80: C | G80: 32.4 | H80: 29.4 | I80: 35.4 | J80: 1000 | K80: 0 | M80: 편차 | X80: =IF(COUNTA(O80:Q80)<3,"",IF(AND(O80=P80,P80=Q80),O80,IF(O80=P80,O80,IF(O80=Q80,O80,IF(P80=Q80,P80,"판정 불능"))))) | Y80: =IF(COUNTA(O80:Q80)<3,"",IF(AND(O80=P80,P80=Q80),"3/3",IF(OR(O80=P80,O80=Q80,P80=Q80),"2/3","0/3")))
A81: 80 | B81: W4403786592 | C81: A Comprehensive Evaluation of Large Language Models | D81: custom | E81: 39.6 | F81: D | G81: 38.6 | H81: 35.697 | I81: 41.7 | J81: 1000 | K81: 1 | M81: 재현 | X81: =IF(COUNTA(O81:Q81)<3,"",IF(AND(O81=P81,P81=Q81),O81,IF(O81=P81,O81,IF(O81=Q81,O81,IF(P81=Q81,P81,"판정 불능"))))) | Y81: =IF(COUNTA(O81:Q81)<3,"",IF(AND(O81=P81,P81=Q81),"3/3",IF(OR(O81=P81,O81=Q81,P81=Q81),"2/3","0/3")))
A82: 81 | B82: W4403786592 | C82: A Comprehensive Evaluation of Large Language Models | D82: custom | E82: 39.6 | F82: E | G82: 33.9 | H82: 30.898 | I82: 36.702 | J82: 1000 | K82: 0 | M82: 편차 | X82: =IF(COUNTA(O82:Q82)<3,"",IF(AND(O82=P82,P82=Q82),O82,IF(O82=P82,O82,IF(O82=Q82,O82,IF(P82=Q82,P82,"판정 불능"))))) | Y82: =IF(COUNTA(O82:Q82)<3,"",IF(AND(O82=P82,P82=Q82),"3/3",IF(OR(O82=P82,O82=Q82,P82=Q82),"2/3","0/3")))
A83: 82 | B83: W4403882451 | C83: Planning in Strawberry Fields: Evaluating and Improv | D83: accuracy | E83: 40.1 | F83: A | G83: 34.888889 | H83: 30.5 | I83: 38 | J83: 600 | K83: 0 | M83: 편차 | X83: =IF(COUNTA(O83:Q83)<3,"",IF(AND(O83=P83,P83=Q83),O83,IF(O83=P83,O83,IF(O83=Q83,O83,IF(P83=Q83,P83,"판정 불능"))))) | Y83: =IF(COUNTA(O83:Q83)<3,"",IF(AND(O83=P83,P83=Q83),"3/3",IF(OR(O83=P83,O83=Q83,P83=Q83),"2/3","0/3")))
A84: 83 | B84: W4403882451 | C84: Planning in Strawberry Fields: Evaluating and Improv | D84: accuracy | E84: 40.1 | F84: B | G84: 100 | H84: 100 | I84: 100 | J84: 432 | K84: 0 | L84: 예 | M84: 편차 | X84: =IF(COUNTA(O84:Q84)<3,"",IF(AND(O84=P84,P84=Q84),O84,IF(O84=P84,O84,IF(O84=Q84,O84,IF(P84=Q84,P84,"판정 불능"))))) | Y84: =IF(COUNTA(O84:Q84)<3,"",IF(AND(O84=P84,P84=Q84),"3/3",IF(OR(O84=P84,O84=Q84,P84=Q84),"2/3","0/3")))
A85: 84 | B85: W4403882451 | C85: Planning in Strawberry Fields: Evaluating and Improv | D85: accuracy | E85: 40.1 | F85: C | G85: 36.333 | H85: 32.5 | I85: 40.167 | J85: 600 | K85: 0 | M85: 재현 | X85: =IF(COUNTA(O85:Q85)<3,"",IF(AND(O85=P85,P85=Q85),O85,IF(O85=P85,O85,IF(O85=Q85,O85,IF(P85=Q85,P85,"판정 불능"))))) | Y85: =IF(COUNTA(O85:Q85)<3,"",IF(AND(O85=P85,P85=Q85),"3/3",IF(OR(O85=P85,O85=Q85,P85=Q85),"2/3","0/3")))
A86: 85 | B86: W4403882451 | C86: Planning in Strawberry Fields: Evaluating and Improv | D86: accuracy | E86: 40.1 | F86: D | G86: 61.5 | H86: 57.5 | I86: 65.004 | J86: 600 | K86: 0 | M86: 편차 | X86: =IF(COUNTA(O86:Q86)<3,"",IF(AND(O86=P86,P86=Q86),O86,IF(O86=P86,O86,IF(O86=Q86,O86,IF(P86=Q86,P86,"판정 불능"))))) | Y86: =IF(COUNTA(O86:Q86)<3,"",IF(AND(O86=P86,P86=Q86),"3/3",IF(OR(O86=P86,O86=Q86,P86=Q86),"2/3","0/3")))
A87: 86 | B87: W4403882451 | C87: Planning in Strawberry Fields: Evaluating and Improv | D87: accuracy | E87: 40.1 | F87: E | G87: 99.667 | H87: 99.167 | I87: 100 | J87: 600 | K87: 0 | M87: 편차 | X87: =IF(COUNTA(O87:Q87)<3,"",IF(AND(O87=P87,P87=Q87),O87,IF(O87=P87,O87,IF(O87=Q87,O87,IF(P87=Q87,P87,"판정 불능"))))) | Y87: =IF(COUNTA(O87:Q87)<3,"",IF(AND(O87=P87,P87=Q87),"3/3",IF(OR(O87=P87,O87=Q87,P87=Q87),"2/3","0/3")))
A88: 87 | B88: W4403885225 | C88: Justice or Prejudice? Quantifying Biases in LLM-as-a | D88: custom | E88: 0.915 | F88: A | G88: 0.978 | H88: 0.964 | I88: 0.99 | J88: 1000 | K88: 0 | M88: 편차 | X88: =IF(COUNTA(O88:Q88)<3,"",IF(AND(O88=P88,P88=Q88),O88,IF(O88=P88,O88,IF(O88=Q88,O88,IF(P88=Q88,P88,"판정 불능"))))) | Y88: =IF(COUNTA(O88:Q88)<3,"",IF(AND(O88=P88,P88=Q88),"3/3",IF(OR(O88=P88,O88=Q88,P88=Q88),"2/3","0/3")))
A89: 88 | B89: W4403885225 | C89: Justice or Prejudice? Quantifying Biases in LLM-as-a | D89: custom | E89: 0.915 | F89: B | G89: 0.926 | H89: 0.902 | I89: 0.948 | J89: 1000 | K89: 5 | M89: 재현 | X89: =IF(COUNTA(O89:Q89)<3,"",IF(AND(O89=P89,P89=Q89),O89,IF(O89=P89,O89,IF(O89=Q89,O89,IF(P89=Q89,P89,"판정 불능"))))) | Y89: =IF(COUNTA(O89:Q89)<3,"",IF(AND(O89=P89,P89=Q89),"3/3",IF(OR(O89=P89,O89=Q89,P89=Q89),"2/3","0/3")))
A90: 89 | B90: W4403885225 | C90: Justice or Prejudice? Quantifying Biases in LLM-as-a | D90: custom | E90: 0.915 | F90: C | G90: 0.97 | H90: 0.954 | I90: 0.984 | J90: 1000 | K90: 1 | M90: 편차 | X90: =IF(COUNTA(O90:Q90)<3,"",IF(AND(O90=P90,P90=Q90),O90,IF(O90=P90,O90,IF(O90=Q90,O90,IF(P90=Q90,P90,"판정 불능"))))) | Y90: =IF(COUNTA(O90:Q90)<3,"",IF(AND(O90=P90,P90=Q90),"3/3",IF(OR(O90=P90,O90=Q90,P90=Q90),"2/3","0/3")))
A91: 90 | B91: W4403885225 | C91: Justice or Prejudice? Quantifying Biases in LLM-as-a | D91: custom | E91: 0.915 | F91: D | G91: 0.987 | H91: 0.974 | I91: 0.997 | J91: 871 | K91: 0 | L91: 예 | M91: 편차 | X91: =IF(COUNTA(O91:Q91)<3,"",IF(AND(O91=P91,P91=Q91),O91,IF(O91=P91,O91,IF(O91=Q91,O91,IF(P91=Q91,P91,"판정 불능"))))) | Y91: =IF(COUNTA(O91:Q91)<3,"",IF(AND(O91=P91,P91=Q91),"3/3",IF(OR(O91=P91,O91=Q91,P91=Q91),"2/3","0/3")))
A92: 91 | B92: W4403885225 | C92: Justice or Prejudice? Quantifying Biases in LLM-as-a | D92: custom | E92: 0.915 | F92: E | G92: 0.99 | H92: 0.982 | I92: 0.998 | J92: 1000 | K92: 0 | M92: 편차 | X92: =IF(COUNTA(O92:Q92)<3,"",IF(AND(O92=P92,P92=Q92),O92,IF(O92=P92,O92,IF(O92=Q92,O92,IF(P92=Q92,P92,"판정 불능"))))) | Y92: =IF(COUNTA(O92:Q92)<3,"",IF(AND(O92=P92,P92=Q92),"3/3",IF(OR(O92=P92,O92=Q92,P92=Q92),"2/3","0/3")))
A93: 92 | B93: W4404314294 | C93: DisasterQA: A Benchmark for Assessing the performanc | D93: accuracy | E93: 0.817 | F93: A | G93: 0.901 | H93: 0.878 | I93: 0.922 | J93: 707 | K93: 2 | M93: 편차 | X93: =IF(COUNTA(O93:Q93)<3,"",IF(AND(O93=P93,P93=Q93),O93,IF(O93=P93,O93,IF(O93=Q93,O93,IF(P93=Q93,P93,"판정 불능"))))) | Y93: =IF(COUNTA(O93:Q93)<3,"",IF(AND(O93=P93,P93=Q93),"3/3",IF(OR(O93=P93,O93=Q93,P93=Q93),"2/3","0/3")))
A94: 93 | B94: W4404314294 | C94: DisasterQA: A Benchmark for Assessing the performanc | D94: accuracy | E94: 0.817 | F94: B | G94: 0.919 | H94: 0.895 | I94: 0.942 | J94: 535 | K94: 1 | L94: 예 | M94: 편차 | X94: =IF(COUNTA(O94:Q94)<3,"",IF(AND(O94=P94,P94=Q94),O94,IF(O94=P94,O94,IF(O94=Q94,O94,IF(P94=Q94,P94,"판정 불능"))))) | Y94: =IF(COUNTA(O94:Q94)<3,"",IF(AND(O94=P94,P94=Q94),"3/3",IF(OR(O94=P94,O94=Q94,P94=Q94),"2/3","0/3")))
A95: 94 | B95: W4404314294 | C95: DisasterQA: A Benchmark for Assessing the performanc | D95: accuracy | E95: 0.817 | F95: C | G95: 0.84 | H95: 0.812 | I95: 0.868 | J95: 707 | K95: 5 | M95: 재현 | X95: =IF(COUNTA(O95:Q95)<3,"",IF(AND(O95=P95,P95=Q95),O95,IF(O95=P95,O95,IF(O95=Q95,O95,IF(P95=Q95,P95,"판정 불능"))))) | Y95: =IF(COUNTA(O95:Q95)<3,"",IF(AND(O95=P95,P95=Q95),"3/3",IF(OR(O95=P95,O95=Q95,P95=Q95),"2/3","0/3")))
A96: 95 | B96: W4404314294 | C96: DisasterQA: A Benchmark for Assessing the performanc | D96: accuracy | E96: 0.817 | F96: D | G96: 0.81891253 | H96: 0.79574468 | I96: 0.85248227 | J96: 707 | K96: 6 | M96: 재현 | X96: =IF(COUNTA(O96:Q96)<3,"",IF(AND(O96=P96,P96=Q96),O96,IF(O96=P96,O96,IF(O96=Q96,O96,IF(P96=Q96,P96,"판정 불능"))))) | Y96: =IF(COUNTA(O96:Q96)<3,"",IF(AND(O96=P96,P96=Q96),"3/3",IF(OR(O96=P96,O96=Q96,P96=Q96),"2/3","0/3")))
A97: 96 | B97: W4404314294 | C97: DisasterQA: A Benchmark for Assessing the performanc | D97: accuracy | E97: 0.817 | F97: E | G97: 0.873 | H97: 0.837 | I97: 0.907 | J97: 356 | K97: 1 | L97: 예 | M97: 편차 | X97: =IF(COUNTA(O97:Q97)<3,"",IF(AND(O97=P97,P97=Q97),O97,IF(O97=P97,O97,IF(O97=Q97,O97,IF(P97=Q97,P97,"판정 불능"))))) | Y97: =IF(COUNTA(O97:Q97)<3,"",IF(AND(O97=P97,P97=Q97),"3/3",IF(OR(O97=P97,O97=Q97,P97=Q97),"2/3","0/3")))
A98: 97 | B98: W4404573318 | C98: Chat Bankman-Fried: an Exploration of LLM Alignment | D98: accuracy | E98: 0.41 | F98: A | G98: 0.35179676 | H98: 0.30508475 | I98: 0.41355932 | J98: 295 | K98: 18 | L98: 예 | M98: 재현 | X98: =IF(COUNTA(O98:Q98)<3,"",IF(AND(O98=P98,P98=Q98),O98,IF(O98=P98,O98,IF(O98=Q98,O98,IF(P98=Q98,P98,"판정 불능"))))) | Y98: =IF(COUNTA(O98:Q98)<3,"",IF(AND(O98=P98,P98=Q98),"3/3",IF(OR(O98=P98,O98=Q98,P98=Q98),"2/3","0/3")))
A99: 98 | B99: W4404573318 | C99: Chat Bankman-Fried: an Exploration of LLM Alignment | D99: accuracy | E99: 0.41 | F99: B | G99: 0.008 | H99: 0 | I99: 0.019 | J99: 369 | K99: 246 | M99: 확인 필요 | X99: =IF(COUNTA(O99:Q99)<3,"",IF(AND(O99=P99,P99=Q99),O99,IF(O99=P99,O99,IF(O99=Q99,O99,IF(P99=Q99,P99,"판정 불능"))))) | Y99: =IF(COUNTA(O99:Q99)<3,"",IF(AND(O99=P99,P99=Q99),"3/3",IF(OR(O99=P99,O99=Q99,P99=Q99),"2/3","0/3")))
A100: 99 | B100: W4404573318 | C100: Chat Bankman-Fried: an Exploration of LLM Alignment | D100: accuracy | E100: 0.41 | F100: C | G100: 0 | H100: 0 | I100: 0 | J100: 500 | K100: 0 | M100: 편차 | X100: =IF(COUNTA(O100:Q100)<3,"",IF(AND(O100=P100,P100=Q100),O100,IF(O100=P100,O100,IF(O100=Q100,O100,IF(P100=Q100,P100,"판정 불능"))))) | Y100: =IF(COUNTA(O100:Q100)<3,"",IF(AND(O100=P100,P100=Q100),"3/3",IF(OR(O100=P100,O100=Q100,P100=Q100),"2/3","0/3")))
...

Sheet 요약
A1: 집계 (수식) | B1: TierA_claims | C1: PromptLevel_blind
A2: 코딩된 행 수 (세 명 모두) | B2: =COUNTIF(TierA_claims!W2:W96,"<>") | C2: =COUNTIF(PromptLevel_blind!X2:X344,"<>")
A3: 다수결 생존 | B3: =COUNTIF(TierA_claims!W2:W96,"생존") | C3: =COUNTIF(PromptLevel_blind!X2:X344,"생존")
A4: 다수결 부분 생존 | B4: =COUNTIF(TierA_claims!W2:W96,"부분 생존") | C4: =COUNTIF(PromptLevel_blind!X2:X344,"부분 생존")
A5: 다수결 사망 | B5: =COUNTIF(TierA_claims!W2:W96,"사망") | C5: =COUNTIF(PromptLevel_blind!X2:X344,"사망")
A6: 다수결 판정 불능 | B6: =COUNTIF(TierA_claims!W2:W96,"판정 불능") | C6: =COUNTIF(PromptLevel_blind!X2:X344,"판정 불능")
A7: 3/3 일치 | B7: =COUNTIF(TierA_claims!X2:X96,"3/3") | C7: =COUNTIF(PromptLevel_blind!Y2:Y344,"3/3")
A8: 2/3 일치 | B8: =COUNTIF(TierA_claims!X2:X96,"2/3") | C8: =COUNTIF(PromptLevel_blind!Y2:Y344,"2/3")
A9: 0/3 일치 | B9: =COUNTIF(TierA_claims!X2:X96,"0/3") | C9: =COUNTIF(PromptLevel_blind!Y2:Y344,"0/3")
A11: 세 판정자의 파일을 합치고 자동 가안과 교차표를 만드는 것은 scripts/judgment_merge.py다. 위 수식은 채워진 행만 센다.
